6.771e+06
6.771e+06
6.771e+06
6.771e+06
6.771e+06
6.771e+06
6.771e+06
6.771e+06
6.771e+06
6.771e+06
6.771e+06
6.771e+06
6.771e+06
6.771e+06
6.771e+06
6.771e+06
6.771e+06
6.771e+06
6.771e+06
6.77101e+06
6.77101e+06
6.77101e+06
6.77101e+06
6.77101e+06
6.77101e+06
6.77101e+06
6.77101e+06
6.77101e+06
6.77101e+06
6.77101e+06
6.77101e+06
6.77101e+06
6.77101e+06
6.77101e+06
6.77101e+06
6.77101e+06
6.77101e+06
6.77101e+06
6.77101e+06
6.77101e+06
6.77101e+06
6.77101e+06
6.77101e+06
6.77101e+06
6.77101e+06
6.77101e+06
6.77101e+06
6.77101e+06
6.77101e+06
6.77101e+06
6.77101e+06
6.77101e+06
6.77101e+06
6.77101e+06
6.77101e+06
6.77101e+06
6.77102e+06
6.77102e+06
6.77102e+06
6.77102e+06
6.77102e+06
6.77102e+06
6.77102e+06
6.77102e+06
6.77102e+06
6.77102e+06
6.77102e+06
6.77102e+06
6.77102e+06
6.77102e+06
6.77102e+06
6.77102e+06
6.77102e+06
6.77102e+06
6.77102e+06
6.77102e+06
6.77102e+06
6.77102e+06
6.77102e+06
6.77102e+06
6.77102e+06
6.77102e+06
6.77102e+06
6.77102e+06
6.77102e+06
6.77102e+06
6.77102e+06
6.77102e+06
6.77102e+06
6.77102e+06
6.77102e+06
6.77102e+06
6.77103e+06
6.77103e+06
6.77103e+06
6.77103e+06
6.77103e+06
6.77103e+06
6.77103e+06
6.77103e+06
6.77103e+06
6.77103e+06
6.77103e+06
6.77103e+06
6.77103e+06
6.77103e+06
6.77103e+06
6.77103e+06
6.77103e+06
6.77103e+06
6.77103e+06
6.77103e+06
6.77103e+06
6.77103e+06
6.77103e+06
6.77103e+06
6.77103e+06
6.77103e+06
6.77103e+06
6.77103e+06
6.77103e+06
6.77103e+06
6.77103e+06
6.77103e+06
6.77103e+06
6.77103e+06
6.77103e+06
6.77103e+06
6.77103e+06
6.77104e+06
6.77104e+06
6.77104e+06
6.77104e+06
6.77104e+06
6.77104e+06
6.77104e+06
6.77104e+06
6.77104e+06
6.77104e+06
6.77104e+06
6.77104e+06
6.77104e+06
6.77104e+06
6.77104e+06
6.77104e+06
6.77104e+06
6.77104e+06
6.77104e+06
6.77104e+06
6.77104e+06
6.77104e+06
6.77104e+06
6.77104e+06
6.77104e+06
6.77104e+06
6.77104e+06
6.77104e+06
6.77104e+06
6.77104e+06
6.77104e+06
6.77104e+06
6.77104e+06
6.77104e+06
6.77104e+06
6.77104e+06
6.77104e+06
6.77105e+06
6.77105e+06
6.77105e+06
6.77105e+06
6.77105e+06
6.77105e+06
6.77105e+06
6.77105e+06
6.77105e+06
6.77105e+06
6.77105e+06
6.77105e+06
6.77105e+06
6.77105e+06
6.77105e+06
6.77105e+06
6.77105e+06
6.77105e+06
6.77105e+06
6.77105e+06
6.77105e+06
6.77105e+06
6.77105e+06
6.77105e+06
6.77105e+06
6.77105e+06
6.77105e+06
6.77105e+06
6.77105e+06
6.77105e+06
6.77105e+06
6.77105e+06
6.77105e+06
6.77105e+06
6.77105e+06
6.77105e+06
6.77105e+06
6.77106e+06
6.77106e+06
6.77106e+06
6.77106e+06
6.77106e+06
6.77106e+06
6.77106e+06
6.77106e+06
6.77106e+06
6.77106e+06
6.77106e+06
6.77106e+06
6.77106e+06
6.77106e+06
6.77106e+06
6.77106e+06
6.77106e+06
6.77106e+06
6.77106e+06
6.77106e+06
6.77106e+06
6.77106e+06
6.77106e+06
6.77106e+06
6.77106e+06
6.77106e+06
6.77106e+06
6.77106e+06
6.77106e+06
6.77106e+06
6.77106e+06
6.77106e+06
6.77106e+06
6.77106e+06
6.77106e+06
6.77106e+06
6.77107e+06
6.77107e+06
6.77107e+06
6.77107e+06
6.77107e+06
6.77107e+06
6.77107e+06
6.77107e+06
6.77107e+06
6.77107e+06
6.77107e+06
6.77107e+06
6.77107e+06
6.77107e+06
6.77107e+06
6.77107e+06
6.77107e+06
6.77107e+06
6.77107e+06
6.77107e+06
6.77107e+06
6.77107e+06
6.77107e+06
6.77107e+06
6.77107e+06
6.77107e+06
6.77107e+06
6.77107e+06
6.77107e+06
6.77107e+06
6.77107e+06
6.77107e+06
6.77107e+06
6.77107e+06
6.77107e+06
6.77107e+06
6.77107e+06
6.77108e+06
6.77108e+06
6.77108e+06
6.77108e+06
6.77108e+06
6.77108e+06
6.77108e+06
6.77108e+06
6.77108e+06
6.77108e+06
6.77108e+06
6.77108e+06
6.77108e+06
6.77108e+06
6.77108e+06
6.77108e+06
6.77108e+06
6.77108e+06
6.77108e+06
6.77108e+06
6.77108e+06
6.77108e+06
6.77108e+06
6.77108e+06
6.77108e+06
6.77108e+06
6.77108e+06
6.77108e+06
6.77108e+06
6.77108e+06
6.77108e+06
6.77108e+06
6.77108e+06
6.77108e+06
6.77108e+06
6.77108e+06
6.77109e+06
6.77109e+06
6.77109e+06
6.77109e+06
6.77109e+06
6.77109e+06
6.77109e+06
6.77109e+06
6.77109e+06
6.77109e+06
6.77109e+06
6.77109e+06
6.77109e+06
6.77109e+06
6.77109e+06
6.77109e+06
6.77109e+06
6.77109e+06
6.77109e+06
6.77109e+06
6.77109e+06
6.77109e+06
6.77109e+06
6.77109e+06
6.77109e+06
6.77109e+06
6.77109e+06
6.77109e+06
6.77109e+06
6.77109e+06
6.77109e+06
6.77109e+06
6.77109e+06
6.77109e+06
6.77109e+06
6.77109e+06
6.7711e+06
6.7711e+06
6.7711e+06
6.7711e+06
6.7711e+06
6.7711e+06
6.7711e+06
6.7711e+06
6.7711e+06
6.7711e+06
6.7711e+06
6.7711e+06
6.7711e+06
6.7711e+06
6.7711e+06
6.7711e+06
6.7711e+06
6.7711e+06
6.7711e+06
6.7711e+06
6.7711e+06
6.7711e+06
6.7711e+06
6.7711e+06
6.7711e+06
6.7711e+06
6.7711e+06
6.7711e+06
6.7711e+06
6.7711e+06
6.7711e+06
6.7711e+06
6.7711e+06
6.7711e+06
6.7711e+06
6.7711e+06
6.7711e+06
6.77111e+06
6.77111e+06
6.77111e+06
6.77111e+06
6.77111e+06
6.77111e+06
6.77111e+06
6.77111e+06
6.77111e+06
6.77111e+06
6.77111e+06
6.77111e+06
6.77111e+06
6.77111e+06
6.77111e+06
6.77111e+06
6.77111e+06
6.77111e+06
6.77111e+06
6.77111e+06
6.77111e+06
6.77111e+06
6.77111e+06
6.77111e+06
6.77111e+06
6.77111e+06
6.77111e+06
6.77111e+06
6.77111e+06
6.77111e+06
6.77111e+06
6.77111e+06
6.77111e+06
6.77111e+06
6.77111e+06
6.77111e+06
6.77112e+06
6.77112e+06
6.77112e+06
6.77112e+06
6.77112e+06
6.77112e+06
6.77112e+06
6.77112e+06
6.77112e+06
6.77112e+06
6.77112e+06
6.77112e+06
6.77112e+06
6.77112e+06
6.77112e+06
6.77112e+06
6.77112e+06
6.77112e+06
6.77112e+06
6.77112e+06
6.77112e+06
6.77112e+06
6.77112e+06
6.77112e+06
6.77112e+06
6.77112e+06
6.77112e+06
6.77112e+06
6.77112e+06
6.77112e+06
6.77112e+06
6.77112e+06
6.77112e+06
6.77112e+06
6.77112e+06
6.77112e+06
6.77113e+06
6.77113e+06
6.77113e+06
6.77113e+06
6.77113e+06
6.77113e+06
6.77113e+06
6.77113e+06
6.77113e+06
6.77113e+06
6.77113e+06
6.77113e+06
6.77113e+06
6.77113e+06
6.77113e+06
6.77113e+06
6.77113e+06
6.77113e+06
6.77113e+06
6.77113e+06
6.77113e+06
6.77113e+06
6.77113e+06
6.77113e+06
6.77113e+06
6.77113e+06
6.77113e+06
6.77113e+06
6.77113e+06
6.77113e+06
6.77113e+06
6.77113e+06
6.77113e+06
6.77113e+06
6.77113e+06
6.77113e+06
6.77114e+06
6.77114e+06
6.77114e+06
6.77114e+06
6.77114e+06
6.77114e+06
6.77114e+06
6.77114e+06
6.77114e+06
6.77114e+06
6.77114e+06
6.77114e+06
6.77114e+06
6.77114e+06
6.77114e+06
6.77114e+06
6.77114e+06
6.77114e+06
6.77114e+06
6.77114e+06
6.77114e+06
6.77114e+06
6.77114e+06
6.77114e+06
6.77114e+06
6.77114e+06
6.77114e+06
6.77114e+06
6.77114e+06
6.77114e+06
6.77114e+06
6.77114e+06
6.77114e+06
6.77114e+06
6.77114e+06
6.77115e+06
6.77115e+06
6.77115e+06
6.77115e+06
6.77115e+06
6.77115e+06
6.77115e+06
6.77115e+06
6.77115e+06
6.77115e+06
6.77115e+06
6.77115e+06
6.77115e+06
6.77115e+06
6.77115e+06
6.77115e+06
6.77115e+06
6.77115e+06
6.77115e+06
6.77115e+06
6.77115e+06
6.77115e+06
6.77115e+06
6.77115e+06
6.77115e+06
6.77115e+06
6.77115e+06
6.77115e+06
6.77115e+06
6.77115e+06
6.77115e+06
6.77115e+06
6.77115e+06
6.77115e+06
6.77115e+06
6.77115e+06
6.77116e+06
6.77116e+06
6.77116e+06
6.77116e+06
6.77116e+06
6.77116e+06
6.77116e+06
6.77116e+06
6.77116e+06
6.77116e+06
6.77116e+06
6.77116e+06
6.77116e+06
6.77116e+06
6.77116e+06
6.77116e+06
6.77116e+06
6.77116e+06
6.77116e+06
6.77116e+06
6.77116e+06
6.77116e+06
6.77116e+06
6.77116e+06
6.77116e+06
6.77116e+06
6.77116e+06
6.77116e+06
6.77116e+06
6.77116e+06
6.77116e+06
6.77116e+06
6.77116e+06
6.77116e+06
6.77116e+06
6.77117e+06
6.77117e+06
6.77117e+06
6.77117e+06
6.77117e+06
6.77117e+06
6.77117e+06
6.77117e+06
6.77117e+06
6.77117e+06
6.77117e+06
6.77117e+06
6.77117e+06
6.77117e+06
6.77117e+06
6.77117e+06
6.77117e+06
6.77117e+06
6.77117e+06
6.77117e+06
6.77117e+06
6.77117e+06
6.77117e+06
6.77117e+06
6.77117e+06
6.77117e+06
6.77117e+06
6.77117e+06
6.77117e+06
6.77117e+06
6.77117e+06
6.77117e+06
6.77117e+06
6.77117e+06
6.77117e+06
6.77118e+06
6.77118e+06
6.77118e+06
6.77118e+06
6.77118e+06
6.77118e+06
6.77118e+06
6.77118e+06
6.77118e+06
6.77118e+06
6.77118e+06
6.77118e+06
6.77118e+06
6.77118e+06
6.77118e+06
6.77118e+06
6.77118e+06
6.77118e+06
6.77118e+06
6.77118e+06
6.77118e+06
6.77118e+06
6.77118e+06
6.77118e+06
6.77118e+06
6.77118e+06
6.77118e+06
6.77118e+06
6.77118e+06
6.77118e+06
6.77118e+06
6.77118e+06
6.77118e+06
6.77118e+06
6.77118e+06
6.77119e+06
6.77119e+06
6.77119e+06
6.77119e+06
6.77119e+06
6.77119e+06
6.77119e+06
6.77119e+06
6.77119e+06
6.77119e+06
6.77119e+06
6.77119e+06
6.77119e+06
6.77119e+06
6.77119e+06
6.77119e+06
6.77119e+06
6.77119e+06
6.77119e+06
6.77119e+06
6.77119e+06
6.77119e+06
6.77119e+06
6.77119e+06
6.77119e+06
6.77119e+06
6.77119e+06
6.77119e+06
6.77119e+06
6.77119e+06
6.77119e+06
6.77119e+06
6.77119e+06
6.77119e+06
6.77119e+06
6.7712e+06
6.7712e+06
6.7712e+06
6.7712e+06
6.7712e+06
6.7712e+06
6.7712e+06
6.7712e+06
6.7712e+06
6.7712e+06
6.7712e+06
6.7712e+06
6.7712e+06
6.7712e+06
6.7712e+06
6.7712e+06
6.7712e+06
6.7712e+06
6.7712e+06
6.7712e+06
6.7712e+06
6.7712e+06
6.7712e+06
6.7712e+06
6.7712e+06
6.7712e+06
6.7712e+06
6.7712e+06
6.7712e+06
6.7712e+06
6.7712e+06
6.7712e+06
6.7712e+06
6.7712e+06
6.7712e+06
6.77121e+06
6.77121e+06
6.77121e+06
6.77121e+06
6.77121e+06
6.77121e+06
6.77121e+06
6.77121e+06
6.77121e+06
6.77121e+06
6.77121e+06
6.77121e+06
6.77121e+06
6.77121e+06
6.77121e+06
6.77121e+06
6.77121e+06
6.77121e+06
6.77121e+06
6.77121e+06
6.77121e+06
6.77121e+06
6.77121e+06
6.77121e+06
6.77121e+06
6.77121e+06
6.77121e+06
6.77121e+06
6.77121e+06
6.77121e+06
6.77121e+06
6.77121e+06
6.77121e+06
6.77121e+06
6.77122e+06
6.77122e+06
6.77122e+06
6.77122e+06
6.77122e+06
6.77122e+06
6.77122e+06
6.77122e+06
6.77122e+06
6.77122e+06
6.77122e+06
6.77122e+06
6.77122e+06
6.77122e+06
6.77122e+06
6.77122e+06
6.77122e+06
6.77122e+06
6.77122e+06
6.77122e+06
6.77122e+06
6.77122e+06
6.77122e+06
6.77122e+06
6.77122e+06
6.77122e+06
6.77122e+06
6.77122e+06
6.77122e+06
6.77122e+06
6.77122e+06
6.77122e+06
6.77122e+06
6.77122e+06
6.77122e+06
6.77123e+06
6.77123e+06
6.77123e+06
6.77123e+06
6.77123e+06
6.77123e+06
6.77123e+06
6.77123e+06
6.77123e+06
6.77123e+06
6.77123e+06
6.77123e+06
6.77123e+06
6.77123e+06
6.77123e+06
6.77123e+06
6.77123e+06
6.77123e+06
6.77123e+06
6.77123e+06
6.77123e+06
6.77123e+06
6.77123e+06
6.77123e+06
6.77123e+06
6.77123e+06
6.77123e+06
6.77123e+06
6.77123e+06
6.77123e+06
6.77123e+06
6.77123e+06
6.77123e+06
6.77123e+06
6.77124e+06
6.77124e+06
6.77124e+06
6.77124e+06
6.77124e+06
6.77124e+06
6.77124e+06
6.77124e+06
6.77124e+06
6.77124e+06
6.77124e+06
6.77124e+06
6.77124e+06
6.77124e+06
6.77124e+06
6.77124e+06
6.77124e+06
6.77124e+06
6.77124e+06
6.77124e+06
6.77124e+06
6.77124e+06
6.77124e+06
6.77124e+06
6.77124e+06
6.77124e+06
6.77124e+06
6.77124e+06
6.77124e+06
6.77124e+06
6.77124e+06
6.77124e+06
6.77124e+06
6.77124e+06
6.77125e+06
6.77125e+06
6.77125e+06
6.77125e+06
6.77125e+06
6.77125e+06
6.77125e+06
6.77125e+06
6.77125e+06
6.77125e+06
6.77125e+06
6.77125e+06
6.77125e+06
6.77125e+06
6.77125e+06
6.77125e+06
6.77125e+06
6.77125e+06
6.77125e+06
6.77125e+06
6.77125e+06
6.77125e+06
6.77125e+06
6.77125e+06
6.77125e+06
6.77125e+06
6.77125e+06
6.77125e+06
6.77125e+06
6.77125e+06
6.77125e+06
6.77125e+06
6.77125e+06
6.77126e+06
6.77126e+06
6.77126e+06
6.77126e+06
6.77126e+06
6.77126e+06
6.77126e+06
6.77126e+06
6.77126e+06
6.77126e+06
6.77126e+06
6.77126e+06
6.77126e+06
6.77126e+06
6.77126e+06
6.77126e+06
6.77126e+06
6.77126e+06
6.77126e+06
6.77126e+06
6.77126e+06
6.77126e+06
6.77126e+06
6.77126e+06
6.77126e+06
6.77126e+06
6.77126e+06
6.77126e+06
6.77126e+06
6.77126e+06
6.77126e+06
6.77126e+06
6.77126e+06
6.77126e+06
6.77127e+06
6.77127e+06
6.77127e+06
6.77127e+06
6.77127e+06
6.77127e+06
6.77127e+06
6.77127e+06
6.77127e+06
6.77127e+06
6.77127e+06
6.77127e+06
6.77127e+06
6.77127e+06
6.77127e+06
6.77127e+06
6.77127e+06
6.77127e+06
6.77127e+06
6.77127e+06
6.77127e+06
6.77127e+06
6.77127e+06
6.77127e+06
6.77127e+06
6.77127e+06
6.77127e+06
6.77127e+06
6.77127e+06
6.77127e+06
6.77127e+06
6.77127e+06
6.77127e+06
6.77128e+06
6.77128e+06
6.77128e+06
6.77128e+06
6.77128e+06
6.77128e+06
6.77128e+06
6.77128e+06
6.77128e+06
6.77128e+06
6.77128e+06
6.77128e+06
6.77128e+06
6.77128e+06
6.77128e+06
6.77128e+06
6.77128e+06
6.77128e+06
6.77128e+06
6.77128e+06
6.77128e+06
6.77128e+06
6.77128e+06
6.77128e+06
6.77128e+06
6.77128e+06
6.77128e+06
6.77128e+06
6.77128e+06
6.77128e+06
6.77128e+06
6.77128e+06
6.77128e+06
6.77129e+06
6.77129e+06
6.77129e+06
6.77129e+06
6.77129e+06
6.77129e+06
6.77129e+06
6.77129e+06
6.77129e+06
6.77129e+06
6.77129e+06
6.77129e+06
6.77129e+06
6.77129e+06
6.77129e+06
6.77129e+06
6.77129e+06
6.77129e+06
6.77129e+06
6.77129e+06
6.77129e+06
6.77129e+06
6.77129e+06
6.77129e+06
6.77129e+06
6.77129e+06
6.77129e+06
6.77129e+06
6.77129e+06
6.77129e+06
6.77129e+06
6.77129e+06
6.7713e+06
6.7713e+06
6.7713e+06
6.7713e+06
6.7713e+06
6.7713e+06
6.7713e+06
6.7713e+06
6.7713e+06
6.7713e+06
6.7713e+06
6.7713e+06
6.7713e+06
6.7713e+06
6.7713e+06
6.7713e+06
6.7713e+06
6.7713e+06
6.7713e+06
6.7713e+06
6.7713e+06
6.7713e+06
6.7713e+06
6.7713e+06
6.7713e+06
6.7713e+06
6.7713e+06
6.7713e+06
6.7713e+06
6.7713e+06
6.7713e+06
6.7713e+06
6.7713e+06
6.77131e+06
6.77131e+06
6.77131e+06
6.77131e+06
6.77131e+06
6.77131e+06
6.77131e+06
6.77131e+06
6.77131e+06
6.77131e+06
6.77131e+06
6.77131e+06
6.77131e+06
6.77131e+06
6.77131e+06
6.77131e+06
6.77131e+06
6.77131e+06
6.77131e+06
6.77131e+06
6.77131e+06
6.77131e+06
6.77131e+06
6.77131e+06
6.77131e+06
6.77131e+06
6.77131e+06
6.77131e+06
6.77131e+06
6.77131e+06
6.77131e+06
6.77131e+06
6.77132e+06
6.77132e+06
6.77132e+06
6.77132e+06
6.77132e+06
6.77132e+06
6.77132e+06
6.77132e+06
6.77132e+06
6.77132e+06
6.77132e+06
6.77132e+06
6.77132e+06
6.77132e+06
6.77132e+06
6.77132e+06
6.77132e+06
6.77132e+06
6.77132e+06
6.77132e+06
6.77132e+06
6.77132e+06
6.77132e+06
6.77132e+06
6.77132e+06
6.77132e+06
6.77132e+06
6.77132e+06
6.77132e+06
6.77132e+06
6.77132e+06
6.77132e+06
6.77133e+06
6.77133e+06
6.77133e+06
6.77133e+06
6.77133e+06
6.77133e+06
6.77133e+06
6.77133e+06
6.77133e+06
6.77133e+06
6.77133e+06
6.77133e+06
6.77133e+06
6.77133e+06
6.77133e+06
6.77133e+06
6.77133e+06
6.77133e+06
6.77133e+06
6.77133e+06
6.77133e+06
6.77133e+06
6.77133e+06
6.77133e+06
6.77133e+06
6.77133e+06
6.77133e+06
6.77133e+06
6.77133e+06
6.77133e+06
6.77133e+06
6.77133e+06
6.77134e+06
6.77134e+06
6.77134e+06
6.77134e+06
6.77134e+06
6.77134e+06
6.77134e+06
6.77134e+06
6.77134e+06
6.77134e+06
6.77134e+06
6.77134e+06
6.77134e+06
6.77134e+06
6.77134e+06
6.77134e+06
6.77134e+06
6.77134e+06
6.77134e+06
6.77134e+06
6.77134e+06
6.77134e+06
6.77134e+06
6.77134e+06
6.77134e+06
6.77134e+06
6.77134e+06
6.77134e+06
6.77134e+06
6.77134e+06
6.77134e+06
6.77135e+06
6.77135e+06
6.77135e+06
6.77135e+06
6.77135e+06
6.77135e+06
6.77135e+06
6.77135e+06
6.77135e+06
6.77135e+06
6.77135e+06
6.77135e+06
6.77135e+06
6.77135e+06
6.77135e+06
6.77135e+06
6.77135e+06
6.77135e+06
6.77135e+06
6.77135e+06
6.77135e+06
6.77135e+06
6.77135e+06
6.77135e+06
6.77135e+06
6.77135e+06
6.77135e+06
6.77135e+06
6.77135e+06
6.77135e+06
6.77135e+06
6.77135e+06
6.77136e+06
6.77136e+06
6.77136e+06
6.77136e+06
6.77136e+06
6.77136e+06
6.77136e+06
6.77136e+06
6.77136e+06
6.77136e+06
6.77136e+06
6.77136e+06
6.77136e+06
6.77136e+06
6.77136e+06
6.77136e+06
6.77136e+06
6.77136e+06
6.77136e+06
6.77136e+06
6.77136e+06
6.77136e+06
6.77136e+06
6.77136e+06
6.77136e+06
6.77136e+06
6.77136e+06
6.77136e+06
6.77136e+06
6.77136e+06
6.77136e+06
6.77137e+06
6.77137e+06
6.77137e+06
6.77137e+06
6.77137e+06
6.77137e+06
6.77137e+06
6.77137e+06
6.77137e+06
6.77137e+06
6.77137e+06
6.77137e+06
6.77137e+06
6.77137e+06
6.77137e+06
6.77137e+06
6.77137e+06
6.77137e+06
6.77137e+06
6.77137e+06
6.77137e+06
6.77137e+06
6.77137e+06
6.77137e+06
6.77137e+06
6.77137e+06
6.77137e+06
6.77137e+06
6.77137e+06
6.77137e+06
6.77137e+06
6.77138e+06
6.77138e+06
6.77138e+06
6.77138e+06
6.77138e+06
6.77138e+06
6.77138e+06
6.77138e+06
6.77138e+06
6.77138e+06
6.77138e+06
6.77138e+06
6.77138e+06
6.77138e+06
6.77138e+06
6.77138e+06
6.77138e+06
6.77138e+06
6.77138e+06
6.77138e+06
6.77138e+06
6.77138e+06
6.77138e+06
6.77138e+06
6.77138e+06
6.77138e+06
6.77138e+06
6.77138e+06
6.77138e+06
6.77138e+06
6.77139e+06
6.77139e+06
6.77139e+06
6.77139e+06
6.77139e+06
6.77139e+06
6.77139e+06
6.77139e+06
6.77139e+06
6.77139e+06
6.77139e+06
6.77139e+06
6.77139e+06
6.77139e+06
6.77139e+06
6.77139e+06
6.77139e+06
6.77139e+06
6.77139e+06
6.77139e+06
6.77139e+06
6.77139e+06
6.77139e+06
6.77139e+06
6.77139e+06
6.77139e+06
6.77139e+06
6.77139e+06
6.77139e+06
6.77139e+06
6.7714e+06
6.7714e+06
6.7714e+06
6.7714e+06
6.7714e+06
6.7714e+06
6.7714e+06
6.7714e+06
6.7714e+06
6.7714e+06
6.7714e+06
6.7714e+06
6.7714e+06
6.7714e+06
6.7714e+06
6.7714e+06
6.7714e+06
6.7714e+06
6.7714e+06
6.7714e+06
6.7714e+06
6.7714e+06
6.7714e+06
6.7714e+06
6.7714e+06
6.7714e+06
6.7714e+06
6.7714e+06
6.7714e+06
6.7714e+06
6.7714e+06
6.77141e+06
6.77141e+06
6.77141e+06
6.77141e+06
6.77141e+06
6.77141e+06
6.77141e+06
6.77141e+06
6.77141e+06
6.77141e+06
6.77141e+06
6.77141e+06
6.77141e+06
6.77141e+06
6.77141e+06
6.77141e+06
6.77141e+06
6.77141e+06
6.77141e+06
6.77141e+06
6.77141e+06
6.77141e+06
6.77141e+06
6.77141e+06
6.77141e+06
6.77141e+06
6.77141e+06
6.77141e+06
6.77141e+06
6.77142e+06
6.77142e+06
6.77142e+06
6.77142e+06
6.77142e+06
6.77142e+06
6.77142e+06
6.77142e+06
6.77142e+06
6.77142e+06
6.77142e+06
6.77142e+06
6.77142e+06
6.77142e+06
6.77142e+06
6.77142e+06
6.77142e+06
6.77142e+06
6.77142e+06
6.77142e+06
6.77142e+06
6.77142e+06
6.77142e+06
6.77142e+06
6.77142e+06
6.77142e+06
6.77142e+06
6.77142e+06
6.77142e+06
6.77142e+06
6.77143e+06
6.77143e+06
6.77143e+06
6.77143e+06
6.77143e+06
6.77143e+06
6.77143e+06
6.77143e+06
6.77143e+06
6.77143e+06
6.77143e+06
6.77143e+06
6.77143e+06
6.77143e+06
6.77143e+06
6.77143e+06
6.77143e+06
6.77143e+06
6.77143e+06
6.77143e+06
6.77143e+06
6.77143e+06
6.77143e+06
6.77143e+06
6.77143e+06
6.77143e+06
6.77143e+06
6.77143e+06
6.77143e+06
6.77144e+06
6.77144e+06
6.77144e+06
6.77144e+06
6.77144e+06
6.77144e+06
6.77144e+06
6.77144e+06
6.77144e+06
6.77144e+06
6.77144e+06
6.77144e+06
6.77144e+06
6.77144e+06
6.77144e+06
6.77144e+06
6.77144e+06
6.77144e+06
6.77144e+06
6.77144e+06
6.77144e+06
6.77144e+06
6.77144e+06
6.77144e+06
6.77144e+06
6.77144e+06
6.77144e+06
6.77144e+06
6.77144e+06
6.77144e+06
6.77145e+06
6.77145e+06
6.77145e+06
6.77145e+06
6.77145e+06
6.77145e+06
6.77145e+06
6.77145e+06
6.77145e+06
6.77145e+06
6.77145e+06
6.77145e+06
6.77145e+06
6.77145e+06
6.77145e+06
6.77145e+06
6.77145e+06
6.77145e+06
6.77145e+06
6.77145e+06
6.77145e+06
6.77145e+06
6.77145e+06
6.77145e+06
6.77145e+06
6.77145e+06
6.77145e+06
6.77145e+06
6.77145e+06
6.77146e+06
6.77146e+06
6.77146e+06
6.77146e+06
6.77146e+06
6.77146e+06
6.77146e+06
6.77146e+06
6.77146e+06
6.77146e+06
6.77146e+06
6.77146e+06
6.77146e+06
6.77146e+06
6.77146e+06
6.77146e+06
6.77146e+06
6.77146e+06
6.77146e+06
6.77146e+06
6.77146e+06
6.77146e+06
6.77146e+06
6.77146e+06
6.77146e+06
6.77146e+06
6.77146e+06
6.77146e+06
6.77147e+06
6.77147e+06
6.77147e+06
6.77147e+06
6.77147e+06
6.77147e+06
6.77147e+06
6.77147e+06
6.77147e+06
6.77147e+06
6.77147e+06
6.77147e+06
6.77147e+06
6.77147e+06
6.77147e+06
6.77147e+06
6.77147e+06
6.77147e+06
6.77147e+06
6.77147e+06
6.77147e+06
6.77147e+06
6.77147e+06
6.77147e+06
6.77147e+06
6.77147e+06
6.77147e+06
6.77147e+06
6.77147e+06
6.77148e+06
6.77148e+06
6.77148e+06
6.77148e+06
6.77148e+06
6.77148e+06
6.77148e+06
6.77148e+06
6.77148e+06
6.77148e+06
6.77148e+06
6.77148e+06
6.77148e+06
6.77148e+06
6.77148e+06
6.77148e+06
6.77148e+06
6.77148e+06
6.77148e+06
6.77148e+06
6.77148e+06
6.77148e+06
6.77148e+06
6.77148e+06
6.77148e+06
6.77148e+06
6.77148e+06
6.77148e+06
6.77149e+06
6.77149e+06
6.77149e+06
6.77149e+06
6.77149e+06
6.77149e+06
6.77149e+06
6.77149e+06
6.77149e+06
6.77149e+06
6.77149e+06
6.77149e+06
6.77149e+06
6.77149e+06
6.77149e+06
6.77149e+06
6.77149e+06
6.77149e+06
6.77149e+06
6.77149e+06
6.77149e+06
6.77149e+06
6.77149e+06
6.77149e+06
6.77149e+06
6.77149e+06
6.77149e+06
6.77149e+06
6.7715e+06
6.7715e+06
6.7715e+06
6.7715e+06
6.7715e+06
6.7715e+06
6.7715e+06
6.7715e+06
6.7715e+06
6.7715e+06
6.7715e+06
6.7715e+06
6.7715e+06
6.7715e+06
6.7715e+06
6.7715e+06
6.7715e+06
6.7715e+06
6.7715e+06
6.7715e+06
6.7715e+06
6.7715e+06
6.7715e+06
6.7715e+06
6.7715e+06
6.7715e+06
6.7715e+06
6.7715e+06
6.77151e+06
6.77151e+06
6.77151e+06
6.77151e+06
6.77151e+06
6.77151e+06
6.77151e+06
6.77151e+06
6.77151e+06
6.77151e+06
6.77151e+06
6.77151e+06
6.77151e+06
6.77151e+06
6.77151e+06
6.77151e+06
6.77151e+06
6.77151e+06
6.77151e+06
6.77151e+06
6.77151e+06
6.77151e+06
6.77151e+06
6.77151e+06
6.77151e+06
6.77151e+06
6.77151e+06
6.77152e+06
6.77152e+06
6.77152e+06
6.77152e+06
6.77152e+06
6.77152e+06
6.77152e+06
6.77152e+06
6.77152e+06
6.77152e+06
6.77152e+06
6.77152e+06
6.77152e+06
6.77152e+06
6.77152e+06
6.77152e+06
6.77152e+06
6.77152e+06
6.77152e+06
6.77152e+06
6.77152e+06
6.77152e+06
6.77152e+06
6.77152e+06
6.77152e+06
6.77152e+06
6.77152e+06
6.77152e+06
6.77153e+06
6.77153e+06
6.77153e+06
6.77153e+06
6.77153e+06
6.77153e+06
6.77153e+06
6.77153e+06
6.77153e+06
6.77153e+06
6.77153e+06
6.77153e+06
6.77153e+06
6.77153e+06
6.77153e+06
6.77153e+06
6.77153e+06
6.77153e+06
6.77153e+06
6.77153e+06
6.77153e+06
6.77153e+06
6.77153e+06
6.77153e+06
6.77153e+06
6.77153e+06
6.77153e+06
6.77154e+06
6.77154e+06
6.77154e+06
6.77154e+06
6.77154e+06
6.77154e+06
6.77154e+06
6.77154e+06
6.77154e+06
6.77154e+06
6.77154e+06
6.77154e+06
6.77154e+06
6.77154e+06
6.77154e+06
6.77154e+06
6.77154e+06
6.77154e+06
6.77154e+06
6.77154e+06
6.77154e+06
6.77154e+06
6.77154e+06
6.77154e+06
6.77154e+06
6.77154e+06
6.77154e+06
6.77155e+06
6.77155e+06
6.77155e+06
6.77155e+06
6.77155e+06
6.77155e+06
6.77155e+06
6.77155e+06
6.77155e+06
6.77155e+06
6.77155e+06
6.77155e+06
6.77155e+06
6.77155e+06
6.77155e+06
6.77155e+06
6.77155e+06
6.77155e+06
6.77155e+06
6.77155e+06
6.77155e+06
6.77155e+06
6.77155e+06
6.77155e+06
6.77155e+06
6.77155e+06
6.77156e+06
6.77156e+06
6.77156e+06
6.77156e+06
6.77156e+06
6.77156e+06
6.77156e+06
6.77156e+06
6.77156e+06
6.77156e+06
6.77156e+06
6.77156e+06
6.77156e+06
6.77156e+06
6.77156e+06
6.77156e+06
6.77156e+06
6.77156e+06
6.77156e+06
6.77156e+06
6.77156e+06
6.77156e+06
6.77156e+06
6.77156e+06
6.77156e+06
6.77156e+06
6.77156e+06
6.77157e+06
6.77157e+06
6.77157e+06
6.77157e+06
6.77157e+06
6.77157e+06
6.77157e+06
6.77157e+06
6.77157e+06
6.77157e+06
6.77157e+06
6.77157e+06
6.77157e+06
6.77157e+06
6.77157e+06
6.77157e+06
6.77157e+06
6.77157e+06
6.77157e+06
6.77157e+06
6.77157e+06
6.77157e+06
6.77157e+06
6.77157e+06
6.77157e+06
6.77157e+06
6.77158e+06
6.77158e+06
6.77158e+06
6.77158e+06
6.77158e+06
6.77158e+06
6.77158e+06
6.77158e+06
6.77158e+06
6.77158e+06
6.77158e+06
6.77158e+06
6.77158e+06
6.77158e+06
6.77158e+06
6.77158e+06
6.77158e+06
6.77158e+06
6.77158e+06
6.77158e+06
6.77158e+06
6.77158e+06
6.77158e+06
6.77158e+06
6.77158e+06
6.77158e+06
6.77159e+06
6.77159e+06
6.77159e+06
6.77159e+06
6.77159e+06
6.77159e+06
6.77159e+06
6.77159e+06
6.77159e+06
6.77159e+06
6.77159e+06
6.77159e+06
6.77159e+06
6.77159e+06
6.77159e+06
6.77159e+06
6.77159e+06
6.77159e+06
6.77159e+06
6.77159e+06
6.77159e+06
6.77159e+06
6.77159e+06
6.77159e+06
6.77159e+06
6.77159e+06
6.7716e+06
6.7716e+06
6.7716e+06
6.7716e+06
6.7716e+06
6.7716e+06
6.7716e+06
6.7716e+06
6.7716e+06
6.7716e+06
6.7716e+06
6.7716e+06
6.7716e+06
6.7716e+06
6.7716e+06
6.7716e+06
6.7716e+06
6.7716e+06
6.7716e+06
6.7716e+06
6.7716e+06
6.7716e+06
6.7716e+06
6.7716e+06
6.7716e+06
6.7716e+06
6.77161e+06
6.77161e+06
6.77161e+06
6.77161e+06
6.77161e+06
6.77161e+06
6.77161e+06
6.77161e+06
6.77161e+06
6.77161e+06
6.77161e+06
6.77161e+06
6.77161e+06
6.77161e+06
6.77161e+06
6.77161e+06
6.77161e+06
6.77161e+06
6.77161e+06
6.77161e+06
6.77161e+06
6.77161e+06
6.77161e+06
6.77161e+06
6.77161e+06
6.77162e+06
6.77162e+06
6.77162e+06
6.77162e+06
6.77162e+06
6.77162e+06
6.77162e+06
6.77162e+06
6.77162e+06
6.77162e+06
6.77162e+06
6.77162e+06
6.77162e+06
6.77162e+06
6.77162e+06
6.77162e+06
6.77162e+06
6.77162e+06
6.77162e+06
6.77162e+06
6.77162e+06
6.77162e+06
6.77162e+06
6.77162e+06
6.77162e+06
6.77163e+06
6.77163e+06
6.77163e+06
6.77163e+06
6.77163e+06
6.77163e+06
6.77163e+06
6.77163e+06
6.77163e+06
6.77163e+06
6.77163e+06
6.77163e+06
6.77163e+06
6.77163e+06
6.77163e+06
6.77163e+06
6.77163e+06
6.77163e+06
6.77163e+06
6.77163e+06
6.77163e+06
6.77163e+06
6.77163e+06
6.77163e+06
6.77163e+06
6.77164e+06
6.77164e+06
6.77164e+06
6.77164e+06
6.77164e+06
6.77164e+06
6.77164e+06
6.77164e+06
6.77164e+06
6.77164e+06
6.77164e+06
6.77164e+06
6.77164e+06
6.77164e+06
6.77164e+06
6.77164e+06
6.77164e+06
6.77164e+06
6.77164e+06
6.77164e+06
6.77164e+06
6.77164e+06
6.77164e+06
6.77164e+06
6.77164e+06
6.77165e+06
6.77165e+06
6.77165e+06
6.77165e+06
6.77165e+06
6.77165e+06
6.77165e+06
6.77165e+06
6.77165e+06
6.77165e+06
6.77165e+06
6.77165e+06
6.77165e+06
6.77165e+06
6.77165e+06
6.77165e+06
6.77165e+06
6.77165e+06
6.77165e+06
6.77165e+06
6.77165e+06
6.77165e+06
6.77165e+06
6.77165e+06
6.77165e+06
6.77166e+06
6.77166e+06
6.77166e+06
6.77166e+06
6.77166e+06
6.77166e+06
6.77166e+06
6.77166e+06
6.77166e+06
6.77166e+06
6.77166e+06
6.77166e+06
6.77166e+06
6.77166e+06
6.77166e+06
6.77166e+06
6.77166e+06
6.77166e+06
6.77166e+06
6.77166e+06
6.77166e+06
6.77166e+06
6.77166e+06
6.77166e+06
6.77167e+06
6.77167e+06
6.77167e+06
6.77167e+06
6.77167e+06
6.77167e+06
6.77167e+06
6.77167e+06
6.77167e+06
6.77167e+06
6.77167e+06
6.77167e+06
6.77167e+06
6.77167e+06
6.77167e+06
6.77167e+06
6.77167e+06
6.77167e+06
6.77167e+06
6.77167e+06
6.77167e+06
6.77167e+06
6.77167e+06
6.77167e+06
6.77167e+06
6.77168e+06
6.77168e+06
6.77168e+06
6.77168e+06
6.77168e+06
6.77168e+06
6.77168e+06
6.77168e+06
6.77168e+06
6.77168e+06
6.77168e+06
6.77168e+06
6.77168e+06
6.77168e+06
6.77168e+06
6.77168e+06
6.77168e+06
6.77168e+06
6.77168e+06
6.77168e+06
6.77168e+06
6.77168e+06
6.77168e+06
6.77168e+06
6.77169e+06
6.77169e+06
6.77169e+06
6.77169e+06
6.77169e+06
6.77169e+06
6.77169e+06
6.77169e+06
6.77169e+06
6.77169e+06
6.77169e+06
6.77169e+06
6.77169e+06
6.77169e+06
6.77169e+06
6.77169e+06
6.77169e+06
6.77169e+06
6.77169e+06
6.77169e+06
6.77169e+06
6.77169e+06
6.77169e+06
6.77169e+06
6.7717e+06
6.7717e+06
6.7717e+06
6.7717e+06
6.7717e+06
6.7717e+06
6.7717e+06
6.7717e+06
6.7717e+06
6.7717e+06
6.7717e+06
6.7717e+06
6.7717e+06
6.7717e+06
6.7717e+06
6.7717e+06
6.7717e+06
6.7717e+06
6.7717e+06
6.7717e+06
6.7717e+06
6.7717e+06
6.7717e+06
6.77171e+06
6.77171e+06
6.77171e+06
6.77171e+06
6.77171e+06
6.77171e+06
6.77171e+06
6.77171e+06
6.77171e+06
6.77171e+06
6.77171e+06
6.77171e+06
6.77171e+06
6.77171e+06
6.77171e+06
6.77171e+06
6.77171e+06
6.77171e+06
6.77171e+06
6.77171e+06
6.77171e+06
6.77171e+06
6.77171e+06
6.77171e+06
6.77172e+06
6.77172e+06
6.77172e+06
6.77172e+06
6.77172e+06
6.77172e+06
6.77172e+06
6.77172e+06
6.77172e+06
6.77172e+06
6.77172e+06
6.77172e+06
6.77172e+06
6.77172e+06
6.77172e+06
6.77172e+06
6.77172e+06
6.77172e+06
6.77172e+06
6.77172e+06
6.77172e+06
6.77172e+06
6.77172e+06
6.77173e+06
6.77173e+06
6.77173e+06
6.77173e+06
6.77173e+06
6.77173e+06
6.77173e+06
6.77173e+06
6.77173e+06
6.77173e+06
6.77173e+06
6.77173e+06
6.77173e+06
6.77173e+06
6.77173e+06
6.77173e+06
6.77173e+06
6.77173e+06
6.77173e+06
6.77173e+06
6.77173e+06
6.77173e+06
6.77173e+06
6.77173e+06
6.77174e+06
6.77174e+06
6.77174e+06
6.77174e+06
6.77174e+06
6.77174e+06
6.77174e+06
6.77174e+06
6.77174e+06
6.77174e+06
6.77174e+06
6.77174e+06
6.77174e+06
6.77174e+06
6.77174e+06
6.77174e+06
6.77174e+06
6.77174e+06
6.77174e+06
6.77174e+06
6.77174e+06
6.77174e+06
6.77174e+06
6.77175e+06
6.77175e+06
6.77175e+06
6.77175e+06
6.77175e+06
6.77175e+06
6.77175e+06
6.77175e+06
6.77175e+06
6.77175e+06
6.77175e+06
6.77175e+06
6.77175e+06
6.77175e+06
6.77175e+06
6.77175e+06
6.77175e+06
6.77175e+06
6.77175e+06
6.77175e+06
6.77175e+06
6.77175e+06
6.77176e+06
6.77176e+06
6.77176e+06
6.77176e+06
6.77176e+06
6.77176e+06
6.77176e+06
6.77176e+06
6.77176e+06
6.77176e+06
6.77176e+06
6.77176e+06
6.77176e+06
6.77176e+06
6.77176e+06
6.77176e+06
6.77176e+06
6.77176e+06
6.77176e+06
6.77176e+06
6.77176e+06
6.77176e+06
6.77176e+06
6.77177e+06
6.77177e+06
6.77177e+06
6.77177e+06
6.77177e+06
6.77177e+06
6.77177e+06
6.77177e+06
6.77177e+06
6.77177e+06
6.77177e+06
6.77177e+06
6.77177e+06
6.77177e+06
6.77177e+06
6.77177e+06
6.77177e+06
6.77177e+06
6.77177e+06
6.77177e+06
6.77177e+06
6.77177e+06
6.77177e+06
6.77178e+06
6.77178e+06
6.77178e+06
6.77178e+06
6.77178e+06
6.77178e+06
6.77178e+06
6.77178e+06
6.77178e+06
6.77178e+06
6.77178e+06
6.77178e+06
6.77178e+06
6.77178e+06
6.77178e+06
6.77178e+06
6.77178e+06
6.77178e+06
6.77178e+06
6.77178e+06
6.77178e+06
6.77178e+06
6.77179e+06
6.77179e+06
6.77179e+06
6.77179e+06
6.77179e+06
6.77179e+06
6.77179e+06
6.77179e+06
6.77179e+06
6.77179e+06
6.77179e+06
6.77179e+06
6.77179e+06
6.77179e+06
6.77179e+06
6.77179e+06
6.77179e+06
6.77179e+06
6.77179e+06
6.77179e+06
6.77179e+06
6.77179e+06
6.7718e+06
6.7718e+06
6.7718e+06
6.7718e+06
6.7718e+06
6.7718e+06
6.7718e+06
6.7718e+06
6.7718e+06
6.7718e+06
6.7718e+06
6.7718e+06
6.7718e+06
6.7718e+06
6.7718e+06
6.7718e+06
6.7718e+06
6.7718e+06
6.7718e+06
6.7718e+06
6.7718e+06
6.7718e+06
6.77181e+06
6.77181e+06
6.77181e+06
6.77181e+06
6.77181e+06
6.77181e+06
6.77181e+06
6.77181e+06
6.77181e+06
6.77181e+06
6.77181e+06
6.77181e+06
6.77181e+06
6.77181e+06
6.77181e+06
6.77181e+06
6.77181e+06
6.77181e+06
6.77181e+06
6.77181e+06
6.77181e+06
6.77181e+06
6.77182e+06
6.77182e+06
6.77182e+06
6.77182e+06
6.77182e+06
6.77182e+06
6.77182e+06
6.77182e+06
6.77182e+06
6.77182e+06
6.77182e+06
6.77182e+06
6.77182e+06
6.77182e+06
6.77182e+06
6.77182e+06
6.77182e+06
6.77182e+06
6.77182e+06
6.77182e+06
6.77182e+06
6.77182e+06
6.77183e+06
6.77183e+06
6.77183e+06
6.77183e+06
6.77183e+06
6.77183e+06
6.77183e+06
6.77183e+06
6.77183e+06
6.77183e+06
6.77183e+06
6.77183e+06
6.77183e+06
6.77183e+06
6.77183e+06
6.77183e+06
6.77183e+06
6.77183e+06
6.77183e+06
6.77183e+06
6.77183e+06
6.77183e+06
6.77184e+06
6.77184e+06
6.77184e+06
6.77184e+06
6.77184e+06
6.77184e+06
6.77184e+06
6.77184e+06
6.77184e+06
6.77184e+06
6.77184e+06
6.77184e+06
6.77184e+06
6.77184e+06
6.77184e+06
6.77184e+06
6.77184e+06
6.77184e+06
6.77184e+06
6.77184e+06
6.77184e+06
6.77185e+06
6.77185e+06
6.77185e+06
6.77185e+06
6.77185e+06
6.77185e+06
6.77185e+06
6.77185e+06
6.77185e+06
6.77185e+06
6.77185e+06
6.77185e+06
6.77185e+06
6.77185e+06
6.77185e+06
6.77185e+06
6.77185e+06
6.77185e+06
6.77185e+06
6.77185e+06
6.77185e+06
6.77185e+06
6.77186e+06
6.77186e+06
6.77186e+06
6.77186e+06
6.77186e+06
6.77186e+06
6.77186e+06
6.77186e+06
6.77186e+06
6.77186e+06
6.77186e+06
6.77186e+06
6.77186e+06
6.77186e+06
6.77186e+06
6.77186e+06
6.77186e+06
6.77186e+06
6.77186e+06
6.77186e+06
6.77186e+06
6.77187e+06
6.77187e+06
6.77187e+06
6.77187e+06
6.77187e+06
6.77187e+06
6.77187e+06
6.77187e+06
6.77187e+06
6.77187e+06
6.77187e+06
6.77187e+06
6.77187e+06
6.77187e+06
6.77187e+06
6.77187e+06
6.77187e+06
6.77187e+06
6.77187e+06
6.77187e+06
6.77187e+06
6.77188e+06
6.77188e+06
6.77188e+06
6.77188e+06
6.77188e+06
6.77188e+06
6.77188e+06
6.77188e+06
6.77188e+06
6.77188e+06
6.77188e+06
6.77188e+06
6.77188e+06
6.77188e+06
6.77188e+06
6.77188e+06
6.77188e+06
6.77188e+06
6.77188e+06
6.77188e+06
6.77188e+06
6.77189e+06
6.77189e+06
6.77189e+06
6.77189e+06
6.77189e+06
6.77189e+06
6.77189e+06
6.77189e+06
6.77189e+06
6.77189e+06
6.77189e+06
6.77189e+06
6.77189e+06
6.77189e+06
6.77189e+06
6.77189e+06
6.77189e+06
6.77189e+06
6.77189e+06
6.77189e+06
6.7719e+06
6.7719e+06
6.7719e+06
6.7719e+06
6.7719e+06
6.7719e+06
6.7719e+06
6.7719e+06
6.7719e+06
6.7719e+06
6.7719e+06
6.7719e+06
6.7719e+06
6.7719e+06
6.7719e+06
6.7719e+06
6.7719e+06
6.7719e+06
6.7719e+06
6.7719e+06
6.7719e+06
6.77191e+06
6.77191e+06
6.77191e+06
6.77191e+06
6.77191e+06
6.77191e+06
6.77191e+06
6.77191e+06
6.77191e+06
6.77191e+06
6.77191e+06
6.77191e+06
6.77191e+06
6.77191e+06
6.77191e+06
6.77191e+06
6.77191e+06
6.77191e+06
6.77191e+06
6.77191e+06
6.77192e+06
6.77192e+06
6.77192e+06
6.77192e+06
6.77192e+06
6.77192e+06
6.77192e+06
6.77192e+06
6.77192e+06
6.77192e+06
6.77192e+06
6.77192e+06
6.77192e+06
6.77192e+06
6.77192e+06
6.77192e+06
6.77192e+06
6.77192e+06
6.77192e+06
6.77192e+06
6.77192e+06
6.77193e+06
6.77193e+06
6.77193e+06
6.77193e+06
6.77193e+06
6.77193e+06
6.77193e+06
6.77193e+06
6.77193e+06
6.77193e+06
6.77193e+06
6.77193e+06
6.77193e+06
6.77193e+06
6.77193e+06
6.77193e+06
6.77193e+06
6.77193e+06
6.77193e+06
6.77193e+06
6.77194e+06
6.77194e+06
6.77194e+06
6.77194e+06
6.77194e+06
6.77194e+06
6.77194e+06
6.77194e+06
6.77194e+06
6.77194e+06
6.77194e+06
6.77194e+06
6.77194e+06
6.77194e+06
6.77194e+06
6.77194e+06
6.77194e+06
6.77194e+06
6.77194e+06
6.77194e+06
6.77195e+06
6.77195e+06
6.77195e+06
6.77195e+06
6.77195e+06
6.77195e+06
6.77195e+06
6.77195e+06
6.77195e+06
6.77195e+06
6.77195e+06
6.77195e+06
6.77195e+06
6.77195e+06
6.77195e+06
6.77195e+06
6.77195e+06
6.77195e+06
6.77195e+06
6.77195e+06
6.77196e+06
6.77196e+06
6.77196e+06
6.77196e+06
6.77196e+06
6.77196e+06
6.77196e+06
6.77196e+06
6.77196e+06
6.77196e+06
6.77196e+06
6.77196e+06
6.77196e+06
6.77196e+06
6.77196e+06
6.77196e+06
6.77196e+06
6.77196e+06
6.77196e+06
6.77196e+06
6.77197e+06
6.77197e+06
6.77197e+06
6.77197e+06
6.77197e+06
6.77197e+06
6.77197e+06
6.77197e+06
6.77197e+06
6.77197e+06
6.77197e+06
6.77197e+06
6.77197e+06
6.77197e+06
6.77197e+06
6.77197e+06
6.77197e+06
6.77197e+06
6.77197e+06
6.77197e+06
6.77198e+06
6.77198e+06
6.77198e+06
6.77198e+06
6.77198e+06
6.77198e+06
6.77198e+06
6.77198e+06
6.77198e+06
6.77198e+06
6.77198e+06
6.77198e+06
6.77198e+06
6.77198e+06
6.77198e+06
6.77198e+06
6.77198e+06
6.77198e+06
6.77198e+06
6.77199e+06
6.77199e+06
6.77199e+06
6.77199e+06
6.77199e+06
6.77199e+06
6.77199e+06
6.77199e+06
6.77199e+06
6.77199e+06
6.77199e+06
6.77199e+06
6.77199e+06
6.77199e+06
6.77199e+06
6.77199e+06
6.77199e+06
6.77199e+06
6.77199e+06
6.77199e+06
6.772e+06
6.772e+06
6.772e+06
6.772e+06
6.772e+06
6.772e+06
6.772e+06
6.772e+06
6.772e+06
6.772e+06
6.772e+06
6.772e+06
6.772e+06
6.772e+06
6.772e+06
6.772e+06
6.772e+06
6.772e+06
6.772e+06
6.77201e+06
6.77201e+06
6.77201e+06
6.77201e+06
6.77201e+06
6.77201e+06
6.77201e+06
6.77201e+06
6.77201e+06
6.77201e+06
6.77201e+06
6.77201e+06
6.77201e+06
6.77201e+06
6.77201e+06
6.77201e+06
6.77201e+06
6.77201e+06
6.77201e+06
6.77202e+06
6.77202e+06
6.77202e+06
6.77202e+06
6.77202e+06
6.77202e+06
6.77202e+06
6.77202e+06
6.77202e+06
6.77202e+06
6.77202e+06
6.77202e+06
6.77202e+06
6.77202e+06
6.77202e+06
6.77202e+06
6.77202e+06
6.77202e+06
6.77202e+06
6.77203e+06
6.77203e+06
6.77203e+06
6.77203e+06
6.77203e+06
6.77203e+06
6.77203e+06
6.77203e+06
6.77203e+06
6.77203e+06
6.77203e+06
6.77203e+06
6.77203e+06
6.77203e+06
6.77203e+06
6.77203e+06
6.77203e+06
6.77203e+06
6.77203e+06
6.77204e+06
6.77204e+06
6.77204e+06
6.77204e+06
6.77204e+06
6.77204e+06
6.77204e+06
6.77204e+06
6.77204e+06
6.77204e+06
6.77204e+06
6.77204e+06
6.77204e+06
6.77204e+06
6.77204e+06
6.77204e+06
6.77204e+06
6.77204e+06
6.77204e+06
6.77205e+06
6.77205e+06
6.77205e+06
6.77205e+06
6.77205e+06
6.77205e+06
6.77205e+06
6.77205e+06
6.77205e+06
6.77205e+06
6.77205e+06
6.77205e+06
6.77205e+06
6.77205e+06
6.77205e+06
6.77205e+06
6.77205e+06
6.77205e+06
6.77205e+06
6.77206e+06
6.77206e+06
6.77206e+06
6.77206e+06
6.77206e+06
6.77206e+06
6.77206e+06
6.77206e+06
6.77206e+06
6.77206e+06
6.77206e+06
6.77206e+06
6.77206e+06
6.77206e+06
6.77206e+06
6.77206e+06
6.77206e+06
6.77206e+06
6.77206e+06
6.77207e+06
6.77207e+06
6.77207e+06
6.77207e+06
6.77207e+06
6.77207e+06
6.77207e+06
6.77207e+06
6.77207e+06
6.77207e+06
6.77207e+06
6.77207e+06
6.77207e+06
6.77207e+06
6.77207e+06
6.77207e+06
6.77207e+06
6.77207e+06
6.77208e+06
6.77208e+06
6.77208e+06
6.77208e+06
6.77208e+06
6.77208e+06
6.77208e+06
6.77208e+06
6.77208e+06
6.77208e+06
6.77208e+06
6.77208e+06
6.77208e+06
6.77208e+06
6.77208e+06
6.77208e+06
6.77208e+06
6.77208e+06
6.77208e+06
6.77209e+06
6.77209e+06
6.77209e+06
6.77209e+06
6.77209e+06
6.77209e+06
6.77209e+06
6.77209e+06
6.77209e+06
6.77209e+06
6.77209e+06
6.77209e+06
6.77209e+06
6.77209e+06
6.77209e+06
6.77209e+06
6.77209e+06
6.77209e+06
6.7721e+06
6.7721e+06
6.7721e+06
6.7721e+06
6.7721e+06
6.7721e+06
6.7721e+06
6.7721e+06
6.7721e+06
6.7721e+06
6.7721e+06
6.7721e+06
6.7721e+06
6.7721e+06
6.7721e+06
6.7721e+06
6.7721e+06
6.7721e+06
6.77211e+06
6.77211e+06
6.77211e+06
6.77211e+06
6.77211e+06
6.77211e+06
6.77211e+06
6.77211e+06
6.77211e+06
6.77211e+06
6.77211e+06
6.77211e+06
6.77211e+06
6.77211e+06
6.77211e+06
6.77211e+06
6.77211e+06
6.77211e+06
6.77212e+06
6.77212e+06
6.77212e+06
6.77212e+06
6.77212e+06
6.77212e+06
6.77212e+06
6.77212e+06
6.77212e+06
6.77212e+06
6.77212e+06
6.77212e+06
6.77212e+06
6.77212e+06
6.77212e+06
6.77212e+06
6.77212e+06
6.77212e+06
6.77213e+06
6.77213e+06
6.77213e+06
6.77213e+06
6.77213e+06
6.77213e+06
6.77213e+06
6.77213e+06
6.77213e+06
6.77213e+06
6.77213e+06
6.77213e+06
6.77213e+06
6.77213e+06
6.77213e+06
6.77213e+06
6.77213e+06
6.77213e+06
6.77214e+06
6.77214e+06
6.77214e+06
6.77214e+06
6.77214e+06
6.77214e+06
6.77214e+06
6.77214e+06
6.77214e+06
6.77214e+06
6.77214e+06
6.77214e+06
6.77214e+06
6.77214e+06
6.77214e+06
6.77214e+06
6.77214e+06
6.77214e+06
6.77215e+06
6.77215e+06
6.77215e+06
6.77215e+06
6.77215e+06
6.77215e+06
6.77215e+06
6.77215e+06
6.77215e+06
6.77215e+06
6.77215e+06
6.77215e+06
6.77215e+06
6.77215e+06
6.77215e+06
6.77215e+06
6.77215e+06
6.77215e+06
6.77216e+06
6.77216e+06
6.77216e+06
6.77216e+06
6.77216e+06
6.77216e+06
6.77216e+06
6.77216e+06
6.77216e+06
6.77216e+06
6.77216e+06
6.77216e+06
6.77216e+06
6.77216e+06
6.77216e+06
6.77216e+06
6.77216e+06
6.77217e+06
6.77217e+06
6.77217e+06
6.77217e+06
6.77217e+06
6.77217e+06
6.77217e+06
6.77217e+06
6.77217e+06
6.77217e+06
6.77217e+06
6.77217e+06
6.77217e+06
6.77217e+06
6.77217e+06
6.77217e+06
6.77217e+06
6.77217e+06
6.77218e+06
6.77218e+06
6.77218e+06
6.77218e+06
6.77218e+06
6.77218e+06
6.77218e+06
6.77218e+06
6.77218e+06
6.77218e+06
6.77218e+06
6.77218e+06
6.77218e+06
6.77218e+06
6.77218e+06
6.77218e+06
6.77218e+06
6.77219e+06
6.77219e+06
6.77219e+06
6.77219e+06
6.77219e+06
6.77219e+06
6.77219e+06
6.77219e+06
6.77219e+06
6.77219e+06
6.77219e+06
6.77219e+06
6.77219e+06
6.77219e+06
6.77219e+06
6.77219e+06
6.77219e+06
6.7722e+06
6.7722e+06
6.7722e+06
6.7722e+06
6.7722e+06
6.7722e+06
6.7722e+06
6.7722e+06
6.7722e+06
6.7722e+06
6.7722e+06
6.7722e+06
6.7722e+06
6.7722e+06
6.7722e+06
6.7722e+06
6.7722e+06
6.7722e+06
6.77221e+06
6.77221e+06
6.77221e+06
6.77221e+06
6.77221e+06
6.77221e+06
6.77221e+06
6.77221e+06
6.77221e+06
6.77221e+06
6.77221e+06
6.77221e+06
6.77221e+06
6.77221e+06
6.77221e+06
6.77221e+06
6.77221e+06
6.77222e+06
6.77222e+06
6.77222e+06
6.77222e+06
6.77222e+06
6.77222e+06
6.77222e+06
6.77222e+06
6.77222e+06
6.77222e+06
6.77222e+06
6.77222e+06
6.77222e+06
6.77222e+06
6.77222e+06
6.77222e+06
6.77222e+06
6.77223e+06
6.77223e+06
6.77223e+06
6.77223e+06
6.77223e+06
6.77223e+06
6.77223e+06
6.77223e+06
6.77223e+06
6.77223e+06
6.77223e+06
6.77223e+06
6.77223e+06
6.77223e+06
6.77223e+06
6.77223e+06
6.77223e+06
6.77224e+06
6.77224e+06
6.77224e+06
6.77224e+06
6.77224e+06
6.77224e+06
6.77224e+06
6.77224e+06
6.77224e+06
6.77224e+06
6.77224e+06
6.77224e+06
6.77224e+06
6.77224e+06
6.77224e+06
6.77224e+06
6.77224e+06
6.77225e+06
6.77225e+06
6.77225e+06
6.77225e+06
6.77225e+06
6.77225e+06
6.77225e+06
6.77225e+06
6.77225e+06
6.77225e+06
6.77225e+06
6.77225e+06
6.77225e+06
6.77225e+06
6.77225e+06
6.77225e+06
6.77225e+06
6.77226e+06
6.77226e+06
6.77226e+06
6.77226e+06
6.77226e+06
6.77226e+06
6.77226e+06
6.77226e+06
6.77226e+06
6.77226e+06
6.77226e+06
6.77226e+06
6.77226e+06
6.77226e+06
6.77226e+06
6.77226e+06
6.77227e+06
6.77227e+06
6.77227e+06
6.77227e+06
6.77227e+06
6.77227e+06
6.77227e+06
6.77227e+06
6.77227e+06
6.77227e+06
6.77227e+06
6.77227e+06
6.77227e+06
6.77227e+06
6.77227e+06
6.77227e+06
6.77227e+06
6.77228e+06
6.77228e+06
6.77228e+06
6.77228e+06
6.77228e+06
6.77228e+06
6.77228e+06
6.77228e+06
6.77228e+06
6.77228e+06
6.77228e+06
6.77228e+06
6.77228e+06
6.77228e+06
6.77228e+06
6.77228e+06
6.77229e+06
6.77229e+06
6.77229e+06
6.77229e+06
6.77229e+06
6.77229e+06
6.77229e+06
6.77229e+06
6.77229e+06
6.77229e+06
6.77229e+06
6.77229e+06
6.77229e+06
6.77229e+06
6.77229e+06
6.77229e+06
6.77229e+06
6.7723e+06
6.7723e+06
6.7723e+06
6.7723e+06
6.7723e+06
6.7723e+06
6.7723e+06
6.7723e+06
6.7723e+06
6.7723e+06
6.7723e+06
6.7723e+06
6.7723e+06
6.7723e+06
6.7723e+06
6.7723e+06
6.77231e+06
6.77231e+06
6.77231e+06
6.77231e+06
6.77231e+06
6.77231e+06
6.77231e+06
6.77231e+06
6.77231e+06
6.77231e+06
6.77231e+06
6.77231e+06
6.77231e+06
6.77231e+06
6.77231e+06
6.77231e+06
6.77232e+06
6.77232e+06
6.77232e+06
6.77232e+06
6.77232e+06
6.77232e+06
6.77232e+06
6.77232e+06
6.77232e+06
6.77232e+06
6.77232e+06
6.77232e+06
6.77232e+06
6.77232e+06
6.77232e+06
6.77232e+06
6.77232e+06
6.77233e+06
6.77233e+06
6.77233e+06
6.77233e+06
6.77233e+06
6.77233e+06
6.77233e+06
6.77233e+06
6.77233e+06
6.77233e+06
6.77233e+06
6.77233e+06
6.77233e+06
6.77233e+06
6.77233e+06
6.77233e+06
6.77234e+06
6.77234e+06
6.77234e+06
6.77234e+06
6.77234e+06
6.77234e+06
6.77234e+06
6.77234e+06
6.77234e+06
6.77234e+06
6.77234e+06
6.77234e+06
6.77234e+06
6.77234e+06
6.77234e+06
6.77234e+06
6.77235e+06
6.77235e+06
6.77235e+06
6.77235e+06
6.77235e+06
6.77235e+06
6.77235e+06
6.77235e+06
6.77235e+06
6.77235e+06
6.77235e+06
6.77235e+06
6.77235e+06
6.77235e+06
6.77235e+06
6.77235e+06
6.77236e+06
6.77236e+06
6.77236e+06
6.77236e+06
6.77236e+06
6.77236e+06
6.77236e+06
6.77236e+06
6.77236e+06
6.77236e+06
6.77236e+06
6.77236e+06
6.77236e+06
6.77236e+06
6.77236e+06
6.77236e+06
6.77237e+06
6.77237e+06
6.77237e+06
6.77237e+06
6.77237e+06
6.77237e+06
6.77237e+06
6.77237e+06
6.77237e+06
6.77237e+06
6.77237e+06
6.77237e+06
6.77237e+06
6.77237e+06
6.77237e+06
6.77238e+06
6.77238e+06
6.77238e+06
6.77238e+06
6.77238e+06
6.77238e+06
6.77238e+06
6.77238e+06
6.77238e+06
6.77238e+06
6.77238e+06
6.77238e+06
6.77238e+06
6.77238e+06
6.77238e+06
6.77238e+06
6.77239e+06
6.77239e+06
6.77239e+06
6.77239e+06
6.77239e+06
6.77239e+06
6.77239e+06
6.77239e+06
6.77239e+06
6.77239e+06
6.77239e+06
6.77239e+06
6.77239e+06
6.77239e+06
6.77239e+06
6.77239e+06
6.7724e+06
6.7724e+06
6.7724e+06
6.7724e+06
6.7724e+06
6.7724e+06
6.7724e+06
6.7724e+06
6.7724e+06
6.7724e+06
6.7724e+06
6.7724e+06
6.7724e+06
6.7724e+06
6.7724e+06
6.77241e+06
6.77241e+06
6.77241e+06
6.77241e+06
6.77241e+06
6.77241e+06
6.77241e+06
6.77241e+06
6.77241e+06
6.77241e+06
6.77241e+06
6.77241e+06
6.77241e+06
6.77241e+06
6.77241e+06
6.77241e+06
6.77242e+06
6.77242e+06
6.77242e+06
6.77242e+06
6.77242e+06
6.77242e+06
6.77242e+06
6.77242e+06
6.77242e+06
6.77242e+06
6.77242e+06
6.77242e+06
6.77242e+06
6.77242e+06
6.77242e+06
6.77243e+06
6.77243e+06
6.77243e+06
6.77243e+06
6.77243e+06
6.77243e+06
6.77243e+06
6.77243e+06
6.77243e+06
6.77243e+06
6.77243e+06
6.77243e+06
6.77243e+06
6.77243e+06
6.77243e+06
6.77243e+06
6.77244e+06
6.77244e+06
6.77244e+06
6.77244e+06
6.77244e+06
6.77244e+06
6.77244e+06
6.77244e+06
6.77244e+06
6.77244e+06
6.77244e+06
6.77244e+06
6.77244e+06
6.77244e+06
6.77244e+06
6.77245e+06
6.77245e+06
6.77245e+06
6.77245e+06
6.77245e+06
6.77245e+06
6.77245e+06
6.77245e+06
6.77245e+06
6.77245e+06
6.77245e+06
6.77245e+06
6.77245e+06
6.77245e+06
6.77245e+06
6.77246e+06
6.77246e+06
6.77246e+06
6.77246e+06
6.77246e+06
6.77246e+06
6.77246e+06
6.77246e+06
6.77246e+06
6.77246e+06
6.77246e+06
6.77246e+06
6.77246e+06
6.77246e+06
6.77246e+06
6.77247e+06
6.77247e+06
6.77247e+06
6.77247e+06
6.77247e+06
6.77247e+06
6.77247e+06
6.77247e+06
6.77247e+06
6.77247e+06
6.77247e+06
6.77247e+06
6.77247e+06
6.77247e+06
6.77247e+06
6.77247e+06
6.77248e+06
6.77248e+06
6.77248e+06
6.77248e+06
6.77248e+06
6.77248e+06
6.77248e+06
6.77248e+06
6.77248e+06
6.77248e+06
6.77248e+06
6.77248e+06
6.77248e+06
6.77248e+06
6.77248e+06
6.77249e+06
6.77249e+06
6.77249e+06
6.77249e+06
6.77249e+06
6.77249e+06
6.77249e+06
6.77249e+06
6.77249e+06
6.77249e+06
6.77249e+06
6.77249e+06
6.77249e+06
6.77249e+06
6.77249e+06
6.7725e+06
6.7725e+06
6.7725e+06
6.7725e+06
6.7725e+06
6.7725e+06
6.7725e+06
6.7725e+06
6.7725e+06
6.7725e+06
6.7725e+06
6.7725e+06
6.7725e+06
6.7725e+06
6.77251e+06
6.77251e+06
6.77251e+06
6.77251e+06
6.77251e+06
6.77251e+06
6.77251e+06
6.77251e+06
6.77251e+06
6.77251e+06
6.77251e+06
6.77251e+06
6.77251e+06
6.77251e+06
6.77251e+06
6.77252e+06
6.77252e+06
6.77252e+06
6.77252e+06
6.77252e+06
6.77252e+06
6.77252e+06
6.77252e+06
6.77252e+06
6.77252e+06
6.77252e+06
6.77252e+06
6.77252e+06
6.77252e+06
6.77252e+06
6.77253e+06
6.77253e+06
6.77253e+06
6.77253e+06
6.77253e+06
6.77253e+06
6.77253e+06
6.77253e+06
6.77253e+06
6.77253e+06
6.77253e+06
6.77253e+06
6.77253e+06
6.77253e+06
6.77253e+06
6.77254e+06
6.77254e+06
6.77254e+06
6.77254e+06
6.77254e+06
6.77254e+06
6.77254e+06
6.77254e+06
6.77254e+06
6.77254e+06
6.77254e+06
6.77254e+06
6.77254e+06
6.77254e+06
6.77255e+06
6.77255e+06
6.77255e+06
6.77255e+06
6.77255e+06
6.77255e+06
6.77255e+06
6.77255e+06
6.77255e+06
6.77255e+06
6.77255e+06
6.77255e+06
6.77255e+06
6.77255e+06
6.77255e+06
6.77256e+06
6.77256e+06
6.77256e+06
6.77256e+06
6.77256e+06
6.77256e+06
6.77256e+06
6.77256e+06
6.77256e+06
6.77256e+06
6.77256e+06
6.77256e+06
6.77256e+06
6.77256e+06
6.77257e+06
6.77257e+06
6.77257e+06
6.77257e+06
6.77257e+06
6.77257e+06
6.77257e+06
6.77257e+06
6.77257e+06
6.77257e+06
6.77257e+06
6.77257e+06
6.77257e+06
6.77257e+06
6.77257e+06
6.77258e+06
6.77258e+06
6.77258e+06
6.77258e+06
6.77258e+06
6.77258e+06
6.77258e+06
6.77258e+06
6.77258e+06
6.77258e+06
6.77258e+06
6.77258e+06
6.77258e+06
6.77258e+06
6.77259e+06
6.77259e+06
6.77259e+06
6.77259e+06
6.77259e+06
6.77259e+06
6.77259e+06
6.77259e+06
6.77259e+06
6.77259e+06
6.77259e+06
6.77259e+06
6.77259e+06
6.77259e+06
6.77259e+06
6.7726e+06
6.7726e+06
6.7726e+06
6.7726e+06
6.7726e+06
6.7726e+06
6.7726e+06
6.7726e+06
6.7726e+06
6.7726e+06
6.7726e+06
6.7726e+06
6.7726e+06
6.7726e+06
6.77261e+06
6.77261e+06
6.77261e+06
6.77261e+06
6.77261e+06
6.77261e+06
6.77261e+06
6.77261e+06
6.77261e+06
6.77261e+06
6.77261e+06
6.77261e+06
6.77261e+06
6.77261e+06
6.77262e+06
6.77262e+06
6.77262e+06
6.77262e+06
6.77262e+06
6.77262e+06
6.77262e+06
6.77262e+06
6.77262e+06
6.77262e+06
6.77262e+06
6.77262e+06
6.77262e+06
6.77262e+06
6.77263e+06
6.77263e+06
6.77263e+06
6.77263e+06
6.77263e+06
6.77263e+06
6.77263e+06
6.77263e+06
6.77263e+06
6.77263e+06
6.77263e+06
6.77263e+06
6.77263e+06
6.77263e+06
6.77264e+06
6.77264e+06
6.77264e+06
6.77264e+06
6.77264e+06
6.77264e+06
6.77264e+06
6.77264e+06
6.77264e+06
6.77264e+06
6.77264e+06
6.77264e+06
6.77264e+06
6.77264e+06
6.77265e+06
6.77265e+06
6.77265e+06
6.77265e+06
6.77265e+06
6.77265e+06
6.77265e+06
6.77265e+06
6.77265e+06
6.77265e+06
6.77265e+06
6.77265e+06
6.77265e+06
6.77265e+06
6.77266e+06
6.77266e+06
6.77266e+06
6.77266e+06
6.77266e+06
6.77266e+06
6.77266e+06
6.77266e+06
6.77266e+06
6.77266e+06
6.77266e+06
6.77266e+06
6.77266e+06
6.77266e+06
6.77267e+06
6.77267e+06
6.77267e+06
6.77267e+06
6.77267e+06
6.77267e+06
6.77267e+06
6.77267e+06
6.77267e+06
6.77267e+06
6.77267e+06
6.77267e+06
6.77267e+06
6.77267e+06
6.77268e+06
6.77268e+06
6.77268e+06
6.77268e+06
6.77268e+06
6.77268e+06
6.77268e+06
6.77268e+06
6.77268e+06
6.77268e+06
6.77268e+06
6.77268e+06
6.77268e+06
6.77268e+06
6.77269e+06
6.77269e+06
6.77269e+06
6.77269e+06
6.77269e+06
6.77269e+06
6.77269e+06
6.77269e+06
6.77269e+06
6.77269e+06
6.77269e+06
6.77269e+06
6.77269e+06
6.77269e+06
6.7727e+06
6.7727e+06
6.7727e+06
6.7727e+06
6.7727e+06
6.7727e+06
6.7727e+06
6.7727e+06
6.7727e+06
6.7727e+06
6.7727e+06
6.7727e+06
6.7727e+06
6.77271e+06
6.77271e+06
6.77271e+06
6.77271e+06
6.77271e+06
6.77271e+06
6.77271e+06
6.77271e+06
6.77271e+06
6.77271e+06
6.77271e+06
6.77271e+06
6.77271e+06
6.77271e+06
6.77272e+06
6.77272e+06
6.77272e+06
6.77272e+06
6.77272e+06
6.77272e+06
6.77272e+06
6.77272e+06
6.77272e+06
6.77272e+06
6.77272e+06
6.77272e+06
6.77272e+06
6.77272e+06
6.77273e+06
6.77273e+06
6.77273e+06
6.77273e+06
6.77273e+06
6.77273e+06
6.77273e+06
6.77273e+06
6.77273e+06
6.77273e+06
6.77273e+06
6.77273e+06
6.77273e+06
6.77274e+06
6.77274e+06
6.77274e+06
6.77274e+06
6.77274e+06
6.77274e+06
6.77274e+06
6.77274e+06
6.77274e+06
6.77274e+06
6.77274e+06
6.77274e+06
6.77274e+06
6.77274e+06
6.77275e+06
6.77275e+06
6.77275e+06
6.77275e+06
6.77275e+06
6.77275e+06
6.77275e+06
6.77275e+06
6.77275e+06
6.77275e+06
6.77275e+06
6.77275e+06
6.77275e+06
6.77276e+06
6.77276e+06
6.77276e+06
6.77276e+06
6.77276e+06
6.77276e+06
6.77276e+06
6.77276e+06
6.77276e+06
6.77276e+06
6.77276e+06
6.77276e+06
6.77276e+06
6.77276e+06
6.77277e+06
6.77277e+06
6.77277e+06
6.77277e+06
6.77277e+06
6.77277e+06
6.77277e+06
6.77277e+06
6.77277e+06
6.77277e+06
6.77277e+06
6.77277e+06
6.77277e+06
6.77278e+06
6.77278e+06
6.77278e+06
6.77278e+06
6.77278e+06
6.77278e+06
6.77278e+06
6.77278e+06
6.77278e+06
6.77278e+06
6.77278e+06
6.77278e+06
6.77278e+06
6.77279e+06
6.77279e+06
6.77279e+06
6.77279e+06
6.77279e+06
6.77279e+06
6.77279e+06
6.77279e+06
6.77279e+06
6.77279e+06
6.77279e+06
6.77279e+06
6.77279e+06
6.77279e+06
6.7728e+06
6.7728e+06
6.7728e+06
6.7728e+06
6.7728e+06
6.7728e+06
6.7728e+06
6.7728e+06
6.7728e+06
6.7728e+06
6.7728e+06
6.7728e+06
6.7728e+06
6.77281e+06
6.77281e+06
6.77281e+06
6.77281e+06
6.77281e+06
6.77281e+06
6.77281e+06
6.77281e+06
6.77281e+06
6.77281e+06
6.77281e+06
6.77281e+06
6.77281e+06
6.77282e+06
6.77282e+06
6.77282e+06
6.77282e+06
6.77282e+06
6.77282e+06
6.77282e+06
6.77282e+06
6.77282e+06
6.77282e+06
6.77282e+06
6.77282e+06
6.77282e+06
6.77283e+06
6.77283e+06
6.77283e+06
6.77283e+06
6.77283e+06
6.77283e+06
6.77283e+06
6.77283e+06
6.77283e+06
6.77283e+06
6.77283e+06
6.77283e+06
6.77283e+06
6.77284e+06
6.77284e+06
6.77284e+06
6.77284e+06
6.77284e+06
6.77284e+06
6.77284e+06
6.77284e+06
6.77284e+06
6.77284e+06
6.77284e+06
6.77284e+06
6.77284e+06
6.77285e+06
6.77285e+06
6.77285e+06
6.77285e+06
6.77285e+06
6.77285e+06
6.77285e+06
6.77285e+06
6.77285e+06
6.77285e+06
6.77285e+06
6.77285e+06
6.77285e+06
6.77286e+06
6.77286e+06
6.77286e+06
6.77286e+06
6.77286e+06
6.77286e+06
6.77286e+06
6.77286e+06
6.77286e+06
6.77286e+06
6.77286e+06
6.77286e+06
6.77286e+06
6.77287e+06
6.77287e+06
6.77287e+06
6.77287e+06
6.77287e+06
6.77287e+06
6.77287e+06
6.77287e+06
6.77287e+06
6.77287e+06
6.77287e+06
6.77287e+06
6.77287e+06
6.77288e+06
6.77288e+06
6.77288e+06
6.77288e+06
6.77288e+06
6.77288e+06
6.77288e+06
6.77288e+06
6.77288e+06
6.77288e+06
6.77288e+06
6.77288e+06
6.77288e+06
6.77289e+06
6.77289e+06
6.77289e+06
6.77289e+06
6.77289e+06
6.77289e+06
6.77289e+06
6.77289e+06
6.77289e+06
6.77289e+06
6.77289e+06
6.77289e+06
6.7729e+06
6.7729e+06
6.7729e+06
6.7729e+06
6.7729e+06
6.7729e+06
6.7729e+06
6.7729e+06
6.7729e+06
6.7729e+06
6.7729e+06
6.7729e+06
6.7729e+06
6.77291e+06
6.77291e+06
6.77291e+06
6.77291e+06
6.77291e+06
6.77291e+06
6.77291e+06
6.77291e+06
6.77291e+06
6.77291e+06
6.77291e+06
6.77291e+06
6.77291e+06
6.77292e+06
6.77292e+06
6.77292e+06
6.77292e+06
6.77292e+06
6.77292e+06
6.77292e+06
6.77292e+06
6.77292e+06
6.77292e+06
6.77292e+06
6.77292e+06
6.77293e+06
6.77293e+06
6.77293e+06
6.77293e+06
6.77293e+06
6.77293e+06
6.77293e+06
6.77293e+06
6.77293e+06
6.77293e+06
6.77293e+06
6.77293e+06
6.77293e+06
6.77294e+06
6.77294e+06
6.77294e+06
6.77294e+06
6.77294e+06
6.77294e+06
6.77294e+06
6.77294e+06
6.77294e+06
6.77294e+06
6.77294e+06
6.77294e+06
6.77294e+06
6.77295e+06
6.77295e+06
6.77295e+06
6.77295e+06
6.77295e+06
6.77295e+06
6.77295e+06
6.77295e+06
6.77295e+06
6.77295e+06
6.77295e+06
6.77295e+06
6.77296e+06
6.77296e+06
6.77296e+06
6.77296e+06
6.77296e+06
6.77296e+06
6.77296e+06
6.77296e+06
6.77296e+06
6.77296e+06
6.77296e+06
6.77296e+06
6.77296e+06
6.77297e+06
6.77297e+06
6.77297e+06
6.77297e+06
6.77297e+06
6.77297e+06
6.77297e+06
6.77297e+06
6.77297e+06
6.77297e+06
6.77297e+06
6.77297e+06
6.77298e+06
6.77298e+06
6.77298e+06
6.77298e+06
6.77298e+06
6.77298e+06
6.77298e+06
6.77298e+06
6.77298e+06
6.77298e+06
6.77298e+06
6.77298e+06
6.77299e+06
6.77299e+06
6.77299e+06
6.77299e+06
6.77299e+06
6.77299e+06
6.77299e+06
6.77299e+06
6.77299e+06
6.77299e+06
6.77299e+06
6.77299e+06
6.77299e+06
6.773e+06
6.773e+06
6.773e+06
6.773e+06
6.773e+06
6.773e+06
6.773e+06
6.773e+06
6.773e+06
6.773e+06
6.773e+06
6.773e+06
6.77301e+06
6.77301e+06
6.77301e+06
6.77301e+06
6.77301e+06
6.77301e+06
6.77301e+06
6.77301e+06
6.77301e+06
6.77301e+06
6.77301e+06
6.77301e+06
6.77302e+06
6.77302e+06
6.77302e+06
6.77302e+06
6.77302e+06
6.77302e+06
6.77302e+06
6.77302e+06
6.77302e+06
6.77302e+06
6.77302e+06
6.77302e+06
6.77302e+06
6.77303e+06
6.77303e+06
6.77303e+06
6.77303e+06
6.77303e+06
6.77303e+06
6.77303e+06
6.77303e+06
6.77303e+06
6.77303e+06
6.77303e+06
6.77303e+06
6.77304e+06
6.77304e+06
6.77304e+06
6.77304e+06
6.77304e+06
6.77304e+06
6.77304e+06
6.77304e+06
6.77304e+06
6.77304e+06
6.77304e+06
6.77304e+06
6.77305e+06
6.77305e+06
6.77305e+06
6.77305e+06
6.77305e+06
6.77305e+06
6.77305e+06
6.77305e+06
6.77305e+06
6.77305e+06
6.77305e+06
6.77305e+06
6.77306e+06
6.77306e+06
6.77306e+06
6.77306e+06
6.77306e+06
6.77306e+06
6.77306e+06
6.77306e+06
6.77306e+06
6.77306e+06
6.77306e+06
6.77306e+06
6.77307e+06
6.77307e+06
6.77307e+06
6.77307e+06
6.77307e+06
6.77307e+06
6.77307e+06
6.77307e+06
6.77307e+06
6.77307e+06
6.77307e+06
6.77307e+06
6.77308e+06
6.77308e+06
6.77308e+06
6.77308e+06
6.77308e+06
6.77308e+06
6.77308e+06
6.77308e+06
6.77308e+06
6.77308e+06
6.77308e+06
6.77308e+06
6.77309e+06
6.77309e+06
6.77309e+06
6.77309e+06
6.77309e+06
6.77309e+06
6.77309e+06
6.77309e+06
6.77309e+06
6.77309e+06
6.77309e+06
6.77309e+06
6.7731e+06
6.7731e+06
6.7731e+06
6.7731e+06
6.7731e+06
6.7731e+06
6.7731e+06
6.7731e+06
6.7731e+06
6.7731e+06
6.7731e+06
6.7731e+06
6.77311e+06
6.77311e+06
6.77311e+06
6.77311e+06
6.77311e+06
6.77311e+06
6.77311e+06
6.77311e+06
6.77311e+06
6.77311e+06
6.77311e+06
6.77311e+06
6.77312e+06
6.77312e+06
6.77312e+06
6.77312e+06
6.77312e+06
6.77312e+06
6.77312e+06
6.77312e+06
6.77312e+06
6.77312e+06
6.77312e+06
6.77312e+06
6.77313e+06
6.77313e+06
6.77313e+06
6.77313e+06
6.77313e+06
6.77313e+06
6.77313e+06
6.77313e+06
6.77313e+06
6.77313e+06
6.77313e+06
6.77313e+06
6.77314e+06
6.77314e+06
6.77314e+06
6.77314e+06
6.77314e+06
6.77314e+06
6.77314e+06
6.77314e+06
6.77314e+06
6.77314e+06
6.77314e+06
6.77315e+06
6.77315e+06
6.77315e+06
6.77315e+06
6.77315e+06
6.77315e+06
6.77315e+06
6.77315e+06
6.77315e+06
6.77315e+06
6.77315e+06
6.77315e+06
6.77316e+06
6.77316e+06
6.77316e+06
6.77316e+06
6.77316e+06
6.77316e+06
6.77316e+06
6.77316e+06
6.77316e+06
6.77316e+06
6.77316e+06
6.77316e+06
6.77317e+06
6.77317e+06
6.77317e+06
6.77317e+06
6.77317e+06
6.77317e+06
6.77317e+06
6.77317e+06
6.77317e+06
6.77317e+06
6.77317e+06
6.77317e+06
6.77318e+06
6.77318e+06
6.77318e+06
6.77318e+06
6.77318e+06
6.77318e+06
6.77318e+06
6.77318e+06
6.77318e+06
6.77318e+06
6.77318e+06
6.77319e+06
6.77319e+06
6.77319e+06
6.77319e+06
6.77319e+06
6.77319e+06
6.77319e+06
6.77319e+06
6.77319e+06
6.77319e+06
6.77319e+06
6.77319e+06
6.7732e+06
6.7732e+06
6.7732e+06
6.7732e+06
6.7732e+06
6.7732e+06
6.7732e+06
6.7732e+06
6.7732e+06
6.7732e+06
6.7732e+06
6.77321e+06
6.77321e+06
6.77321e+06
6.77321e+06
6.77321e+06
6.77321e+06
6.77321e+06
6.77321e+06
6.77321e+06
6.77321e+06
6.77321e+06
6.77321e+06
6.77322e+06
6.77322e+06
6.77322e+06
6.77322e+06
6.77322e+06
6.77322e+06
6.77322e+06
6.77322e+06
6.77322e+06
6.77322e+06
6.77322e+06
6.77323e+06
6.77323e+06
6.77323e+06
6.77323e+06
6.77323e+06
6.77323e+06
6.77323e+06
6.77323e+06
6.77323e+06
6.77323e+06
6.77323e+06
6.77323e+06
6.77324e+06
6.77324e+06
6.77324e+06
6.77324e+06
6.77324e+06
6.77324e+06
6.77324e+06
6.77324e+06
6.77324e+06
6.77324e+06
6.77324e+06
6.77325e+06
6.77325e+06
6.77325e+06
6.77325e+06
6.77325e+06
6.77325e+06
6.77325e+06
6.77325e+06
6.77325e+06
6.77325e+06
6.77325e+06
6.77325e+06
6.77326e+06
6.77326e+06
6.77326e+06
6.77326e+06
6.77326e+06
6.77326e+06
6.77326e+06
6.77326e+06
6.77326e+06
6.77326e+06
6.77326e+06
6.77327e+06
6.77327e+06
6.77327e+06
6.77327e+06
6.77327e+06
6.77327e+06
6.77327e+06
6.77327e+06
6.77327e+06
6.77327e+06
6.77327e+06
6.77328e+06
6.77328e+06
6.77328e+06
6.77328e+06
6.77328e+06
6.77328e+06
6.77328e+06
6.77328e+06
6.77328e+06
6.77328e+06
6.77328e+06
6.77328e+06
6.77329e+06
6.77329e+06
6.77329e+06
6.77329e+06
6.77329e+06
6.77329e+06
6.77329e+06
6.77329e+06
6.77329e+06
6.77329e+06
6.77329e+06
6.7733e+06
6.7733e+06
6.7733e+06
6.7733e+06
6.7733e+06
6.7733e+06
6.7733e+06
6.7733e+06
6.7733e+06
6.7733e+06
6.7733e+06
6.77331e+06
6.77331e+06
6.77331e+06
6.77331e+06
6.77331e+06
6.77331e+06
6.77331e+06
6.77331e+06
6.77331e+06
6.77331e+06
6.77331e+06
6.77332e+06
6.77332e+06
6.77332e+06
6.77332e+06
6.77332e+06
6.77332e+06
6.77332e+06
6.77332e+06
6.77332e+06
6.77332e+06
6.77332e+06
6.77332e+06
6.77333e+06
6.77333e+06
6.77333e+06
6.77333e+06
6.77333e+06
6.77333e+06
6.77333e+06
6.77333e+06
6.77333e+06
6.77333e+06
6.77333e+06
6.77334e+06
6.77334e+06
6.77334e+06
6.77334e+06
6.77334e+06
6.77334e+06
6.77334e+06
6.77334e+06
6.77334e+06
6.77334e+06
6.77334e+06
6.77335e+06
6.77335e+06
6.77335e+06
6.77335e+06
6.77335e+06
6.77335e+06
6.77335e+06
6.77335e+06
6.77335e+06
6.77335e+06
6.77335e+06
6.77336e+06
6.77336e+06
6.77336e+06
6.77336e+06
6.77336e+06
6.77336e+06
6.77336e+06
6.77336e+06
6.77336e+06
6.77336e+06
6.77336e+06
6.77337e+06
6.77337e+06
6.77337e+06
6.77337e+06
6.77337e+06
6.77337e+06
6.77337e+06
6.77337e+06
6.77337e+06
6.77337e+06
6.77337e+06
6.77338e+06
6.77338e+06
6.77338e+06
6.77338e+06
6.77338e+06
6.77338e+06
6.77338e+06
6.77338e+06
6.77338e+06
6.77338e+06
6.77338e+06
6.77339e+06
6.77339e+06
6.77339e+06
6.77339e+06
6.77339e+06
6.77339e+06
6.77339e+06
6.77339e+06
6.77339e+06
6.77339e+06
6.77339e+06
6.7734e+06
6.7734e+06
6.7734e+06
6.7734e+06
6.7734e+06
6.7734e+06
6.7734e+06
6.7734e+06
6.7734e+06
6.7734e+06
6.7734e+06
6.77341e+06
6.77341e+06
6.77341e+06
6.77341e+06
6.77341e+06
6.77341e+06
6.77341e+06
6.77341e+06
6.77341e+06
6.77341e+06
6.77341e+06
6.77342e+06
6.77342e+06
6.77342e+06
6.77342e+06
6.77342e+06
6.77342e+06
6.77342e+06
6.77342e+06
6.77342e+06
6.77342e+06
6.77342e+06
6.77343e+06
6.77343e+06
6.77343e+06
6.77343e+06
6.77343e+06
6.77343e+06
6.77343e+06
6.77343e+06
6.77343e+06
6.77343e+06
6.77344e+06
6.77344e+06
6.77344e+06
6.77344e+06
6.77344e+06
6.77344e+06
6.77344e+06
6.77344e+06
6.77344e+06
6.77344e+06
6.77344e+06
6.77345e+06
6.77345e+06
6.77345e+06
6.77345e+06
6.77345e+06
6.77345e+06
6.77345e+06
6.77345e+06
6.77345e+06
6.77345e+06
6.77345e+06
6.77346e+06
6.77346e+06
6.77346e+06
6.77346e+06
6.77346e+06
6.77346e+06
6.77346e+06
6.77346e+06
6.77346e+06
6.77346e+06
6.77346e+06
6.77347e+06
6.77347e+06
6.77347e+06
6.77347e+06
6.77347e+06
6.77347e+06
6.77347e+06
6.77347e+06
6.77347e+06
6.77347e+06
6.77347e+06
6.77348e+06
6.77348e+06
6.77348e+06
6.77348e+06
6.77348e+06
6.77348e+06
6.77348e+06
6.77348e+06
6.77348e+06
6.77348e+06
6.77349e+06
6.77349e+06
6.77349e+06
6.77349e+06
6.77349e+06
6.77349e+06
6.77349e+06
6.77349e+06
6.77349e+06
6.77349e+06
6.77349e+06
6.7735e+06
6.7735e+06
6.7735e+06
6.7735e+06
6.7735e+06
6.7735e+06
6.7735e+06
6.7735e+06
6.7735e+06
6.7735e+06
6.7735e+06
6.77351e+06
6.77351e+06
6.77351e+06
6.77351e+06
6.77351e+06
6.77351e+06
6.77351e+06
6.77351e+06
6.77351e+06
6.77351e+06
6.77352e+06
6.77352e+06
6.77352e+06
6.77352e+06
6.77352e+06
6.77352e+06
6.77352e+06
6.77352e+06
6.77352e+06
6.77352e+06
6.77352e+06
6.77353e+06
6.77353e+06
6.77353e+06
6.77353e+06
6.77353e+06
6.77353e+06
6.77353e+06
6.77353e+06
6.77353e+06
6.77353e+06
6.77354e+06
6.77354e+06
6.77354e+06
6.77354e+06
6.77354e+06
6.77354e+06
6.77354e+06
6.77354e+06
6.77354e+06
6.77354e+06
6.77354e+06
6.77355e+06
6.77355e+06
6.77355e+06
6.77355e+06
6.77355e+06
6.77355e+06
6.77355e+06
6.77355e+06
6.77355e+06
6.77355e+06
6.77356e+06
6.77356e+06
6.77356e+06
6.77356e+06
6.77356e+06
6.77356e+06
6.77356e+06
6.77356e+06
6.77356e+06
6.77356e+06
6.77356e+06
6.77357e+06
6.77357e+06
6.77357e+06
6.77357e+06
6.77357e+06
6.77357e+06
6.77357e+06
6.77357e+06
6.77357e+06
6.77357e+06
6.77358e+06
6.77358e+06
6.77358e+06
6.77358e+06
6.77358e+06
6.77358e+06
6.77358e+06
6.77358e+06
6.77358e+06
6.77358e+06
6.77358e+06
6.77359e+06
6.77359e+06
6.77359e+06
6.77359e+06
6.77359e+06
6.77359e+06
6.77359e+06
6.77359e+06
6.77359e+06
6.77359e+06
6.7736e+06
6.7736e+06
6.7736e+06
6.7736e+06
6.7736e+06
6.7736e+06
6.7736e+06
6.7736e+06
6.7736e+06
6.7736e+06
6.7736e+06
6.77361e+06
6.77361e+06
6.77361e+06
6.77361e+06
6.77361e+06
6.77361e+06
6.77361e+06
6.77361e+06
6.77361e+06
6.77361e+06
6.77362e+06
6.77362e+06
6.77362e+06
6.77362e+06
6.77362e+06
6.77362e+06
6.77362e+06
6.77362e+06
6.77362e+06
6.77362e+06
6.77363e+06
6.77363e+06
6.77363e+06
6.77363e+06
6.77363e+06
6.77363e+06
6.77363e+06
6.77363e+06
6.77363e+06
6.77363e+06
6.77363e+06
6.77364e+06
6.77364e+06
6.77364e+06
6.77364e+06
6.77364e+06
6.77364e+06
6.77364e+06
6.77364e+06
6.77364e+06
6.77364e+06
6.77365e+06
6.77365e+06
6.77365e+06
6.77365e+06
6.77365e+06
6.77365e+06
6.77365e+06
6.77365e+06
6.77365e+06
6.77365e+06
6.77366e+06
6.77366e+06
6.77366e+06
6.77366e+06
6.77366e+06
6.77366e+06
6.77366e+06
6.77366e+06
6.77366e+06
6.77366e+06
6.77367e+06
6.77367e+06
6.77367e+06
6.77367e+06
6.77367e+06
6.77367e+06
6.77367e+06
6.77367e+06
6.77367e+06
6.77367e+06
6.77367e+06
6.77368e+06
6.77368e+06
6.77368e+06
6.77368e+06
6.77368e+06
6.77368e+06
6.77368e+06
6.77368e+06
6.77368e+06
6.77368e+06
6.77369e+06
6.77369e+06
6.77369e+06
6.77369e+06
6.77369e+06
6.77369e+06
6.77369e+06
6.77369e+06
6.77369e+06
6.77369e+06
6.7737e+06
6.7737e+06
6.7737e+06
6.7737e+06
6.7737e+06
6.7737e+06
6.7737e+06
6.7737e+06
6.7737e+06
6.7737e+06
6.77371e+06
6.77371e+06
6.77371e+06
6.77371e+06
6.77371e+06
6.77371e+06
6.77371e+06
6.77371e+06
6.77371e+06
6.77371e+06
6.77372e+06
6.77372e+06
6.77372e+06
6.77372e+06
6.77372e+06
6.77372e+06
6.77372e+06
6.77372e+06
6.77372e+06
6.77372e+06
6.77373e+06
6.77373e+06
6.77373e+06
6.77373e+06
6.77373e+06
6.77373e+06
6.77373e+06
6.77373e+06
6.77373e+06
6.77373e+06
6.77374e+06
6.77374e+06
6.77374e+06
6.77374e+06
6.77374e+06
6.77374e+06
6.77374e+06
6.77374e+06
6.77374e+06
6.77374e+06
6.77375e+06
6.77375e+06
6.77375e+06
6.77375e+06
6.77375e+06
6.77375e+06
6.77375e+06
6.77375e+06
6.77375e+06
6.77375e+06
6.77376e+06
6.77376e+06
6.77376e+06
6.77376e+06
6.77376e+06
6.77376e+06
6.77376e+06
6.77376e+06
6.77376e+06
6.77376e+06
6.77377e+06
6.77377e+06
6.77377e+06
6.77377e+06
6.77377e+06
6.77377e+06
6.77377e+06
6.77377e+06
6.77377e+06
6.77377e+06
6.77378e+06
6.77378e+06
6.77378e+06
6.77378e+06
6.77378e+06
6.77378e+06
6.77378e+06
6.77378e+06
6.77378e+06
6.77378e+06
6.77379e+06
6.77379e+06
6.77379e+06
6.77379e+06
6.77379e+06
6.77379e+06
6.77379e+06
6.77379e+06
6.77379e+06
6.77379e+06
6.7738e+06
6.7738e+06
6.7738e+06
6.7738e+06
6.7738e+06
6.7738e+06
6.7738e+06
6.7738e+06
6.7738e+06
6.7738e+06
6.77381e+06
6.77381e+06
6.77381e+06
6.77381e+06
6.77381e+06
6.77381e+06
6.77381e+06
6.77381e+06
6.77381e+06
6.77381e+06
6.77382e+06
6.77382e+06
6.77382e+06
6.77382e+06
6.77382e+06
6.77382e+06
6.77382e+06
6.77382e+06
6.77382e+06
6.77382e+06
6.77383e+06
6.77383e+06
6.77383e+06
6.77383e+06
6.77383e+06
6.77383e+06
6.77383e+06
6.77383e+06
6.77383e+06
6.77383e+06
6.77384e+06
6.77384e+06
6.77384e+06
6.77384e+06
6.77384e+06
6.77384e+06
6.77384e+06
6.77384e+06
6.77384e+06
6.77385e+06
6.77385e+06
6.77385e+06
6.77385e+06
6.77385e+06
6.77385e+06
6.77385e+06
6.77385e+06
6.77385e+06
6.77385e+06
6.77386e+06
6.77386e+06
6.77386e+06
6.77386e+06
6.77386e+06
6.77386e+06
6.77386e+06
6.77386e+06
6.77386e+06
6.77386e+06
6.77387e+06
6.77387e+06
6.77387e+06
6.77387e+06
6.77387e+06
6.77387e+06
6.77387e+06
6.77387e+06
6.77387e+06
6.77387e+06
6.77388e+06
6.77388e+06
6.77388e+06
6.77388e+06
6.77388e+06
6.77388e+06
6.77388e+06
6.77388e+06
6.77388e+06
6.77388e+06
6.77389e+06
6.77389e+06
6.77389e+06
6.77389e+06
6.77389e+06
6.77389e+06
6.77389e+06
6.77389e+06
6.77389e+06
6.7739e+06
6.7739e+06
6.7739e+06
6.7739e+06
6.7739e+06
6.7739e+06
6.7739e+06
6.7739e+06
6.7739e+06
6.7739e+06
6.77391e+06
6.77391e+06
6.77391e+06
6.77391e+06
6.77391e+06
6.77391e+06
6.77391e+06
6.77391e+06
6.77391e+06
6.77391e+06
6.77392e+06
6.77392e+06
6.77392e+06
6.77392e+06
6.77392e+06
6.77392e+06
6.77392e+06
6.77392e+06
6.77392e+06
6.77393e+06
6.77393e+06
6.77393e+06
6.77393e+06
6.77393e+06
6.77393e+06
6.77393e+06
6.77393e+06
6.77393e+06
6.77393e+06
6.77394e+06
6.77394e+06
6.77394e+06
6.77394e+06
6.77394e+06
6.77394e+06
6.77394e+06
6.77394e+06
6.77394e+06
6.77395e+06
6.77395e+06
6.77395e+06
6.77395e+06
6.77395e+06
6.77395e+06
6.77395e+06
6.77395e+06
6.77395e+06
6.77395e+06
6.77396e+06
6.77396e+06
6.77396e+06
6.77396e+06
6.77396e+06
6.77396e+06
6.77396e+06
6.77396e+06
6.77396e+06
6.77396e+06
6.77397e+06
6.77397e+06
6.77397e+06
6.77397e+06
6.77397e+06
6.77397e+06
6.77397e+06
6.77397e+06
6.77397e+06
6.77398e+06
6.77398e+06
6.77398e+06
6.77398e+06
6.77398e+06
6.77398e+06
6.77398e+06
6.77398e+06
6.77398e+06
6.77398e+06
6.77399e+06
6.77399e+06
6.77399e+06
6.77399e+06
6.77399e+06
6.77399e+06
6.77399e+06
6.77399e+06
6.77399e+06
6.774e+06
6.774e+06
6.774e+06
6.774e+06
6.774e+06
6.774e+06
6.774e+06
6.774e+06
6.774e+06
6.774e+06
6.77401e+06
6.77401e+06
6.77401e+06
6.77401e+06
6.77401e+06
6.77401e+06
6.77401e+06
6.77401e+06
6.77401e+06
6.77402e+06
6.77402e+06
6.77402e+06
6.77402e+06
6.77402e+06
6.77402e+06
6.77402e+06
6.77402e+06
6.77402e+06
6.77402e+06
6.77403e+06
6.77403e+06
6.77403e+06
6.77403e+06
6.77403e+06
6.77403e+06
6.77403e+06
6.77403e+06
6.77403e+06
6.77404e+06
6.77404e+06
6.77404e+06
6.77404e+06
6.77404e+06
6.77404e+06
6.77404e+06
6.77404e+06
6.77404e+06
6.77405e+06
6.77405e+06
6.77405e+06
6.77405e+06
6.77405e+06
6.77405e+06
6.77405e+06
6.77405e+06
6.77405e+06
6.77405e+06
6.77406e+06
6.77406e+06
6.77406e+06
6.77406e+06
6.77406e+06
6.77406e+06
6.77406e+06
6.77406e+06
6.77406e+06
6.77407e+06
6.77407e+06
6.77407e+06
6.77407e+06
6.77407e+06
6.77407e+06
6.77407e+06
6.77407e+06
6.77407e+06
6.77407e+06
6.77408e+06
6.77408e+06
6.77408e+06
6.77408e+06
6.77408e+06
6.77408e+06
6.77408e+06
6.77408e+06
6.77408e+06
6.77409e+06
6.77409e+06
6.77409e+06
6.77409e+06
6.77409e+06
6.77409e+06
6.77409e+06
6.77409e+06
6.77409e+06
6.7741e+06
6.7741e+06
6.7741e+06
6.7741e+06
6.7741e+06
6.7741e+06
6.7741e+06
6.7741e+06
6.7741e+06
6.7741e+06
6.77411e+06
6.77411e+06
6.77411e+06
6.77411e+06
6.77411e+06
6.77411e+06
6.77411e+06
6.77411e+06
6.77411e+06
6.77412e+06
6.77412e+06
6.77412e+06
6.77412e+06
6.77412e+06
6.77412e+06
6.77412e+06
6.77412e+06
6.77412e+06
6.77413e+06
6.77413e+06
6.77413e+06
6.77413e+06
6.77413e+06
6.77413e+06
6.77413e+06
6.77413e+06
6.77413e+06
6.77414e+06
6.77414e+06
6.77414e+06
6.77414e+06
6.77414e+06
6.77414e+06
6.77414e+06
6.77414e+06
6.77414e+06
6.77414e+06
6.77415e+06
6.77415e+06
6.77415e+06
6.77415e+06
6.77415e+06
6.77415e+06
6.77415e+06
6.77415e+06
6.77415e+06
6.77416e+06
6.77416e+06
6.77416e+06
6.77416e+06
6.77416e+06
6.77416e+06
6.77416e+06
6.77416e+06
6.77416e+06
6.77417e+06
6.77417e+06
6.77417e+06
6.77417e+06
6.77417e+06
6.77417e+06
6.77417e+06
6.77417e+06
6.77417e+06
6.77418e+06
6.77418e+06
6.77418e+06
6.77418e+06
6.77418e+06
6.77418e+06
6.77418e+06
6.77418e+06
6.77418e+06
6.77419e+06
6.77419e+06
6.77419e+06
6.77419e+06
6.77419e+06
6.77419e+06
6.77419e+06
6.77419e+06
6.77419e+06
6.7742e+06
6.7742e+06
6.7742e+06
6.7742e+06
6.7742e+06
6.7742e+06
6.7742e+06
6.7742e+06
6.7742e+06
6.77421e+06
6.77421e+06
6.77421e+06
6.77421e+06
6.77421e+06
6.77421e+06
6.77421e+06
6.77421e+06
6.77421e+06
6.77421e+06
6.77422e+06
6.77422e+06
6.77422e+06
6.77422e+06
6.77422e+06
6.77422e+06
6.77422e+06
6.77422e+06
6.77422e+06
6.77423e+06
6.77423e+06
6.77423e+06
6.77423e+06
6.77423e+06
6.77423e+06
6.77423e+06
6.77423e+06
6.77423e+06
6.77424e+06
6.77424e+06
6.77424e+06
6.77424e+06
6.77424e+06
6.77424e+06
6.77424e+06
6.77424e+06
6.77424e+06
6.77425e+06
6.77425e+06
6.77425e+06
6.77425e+06
6.77425e+06
6.77425e+06
6.77425e+06
6.77425e+06
6.77425e+06
6.77426e+06
6.77426e+06
6.77426e+06
6.77426e+06
6.77426e+06
6.77426e+06
6.77426e+06
6.77426e+06
6.77426e+06
6.77427e+06
6.77427e+06
6.77427e+06
6.77427e+06
6.77427e+06
6.77427e+06
6.77427e+06
6.77427e+06
6.77427e+06
6.77428e+06
6.77428e+06
6.77428e+06
6.77428e+06
6.77428e+06
6.77428e+06
6.77428e+06
6.77428e+06
6.77428e+06
6.77429e+06
6.77429e+06
6.77429e+06
6.77429e+06
6.77429e+06
6.77429e+06
6.77429e+06
6.77429e+06
6.77429e+06
6.7743e+06
6.7743e+06
6.7743e+06
6.7743e+06
6.7743e+06
6.7743e+06
6.7743e+06
6.7743e+06
6.7743e+06
6.77431e+06
6.77431e+06
6.77431e+06
6.77431e+06
6.77431e+06
6.77431e+06
6.77431e+06
6.77431e+06
6.77431e+06
6.77432e+06
6.77432e+06
6.77432e+06
6.77432e+06
6.77432e+06
6.77432e+06
6.77432e+06
6.77432e+06
6.77432e+06
6.77433e+06
6.77433e+06
6.77433e+06
6.77433e+06
6.77433e+06
6.77433e+06
6.77433e+06
6.77433e+06
6.77434e+06
6.77434e+06
6.77434e+06
6.77434e+06
6.77434e+06
6.77434e+06
6.77434e+06
6.77434e+06
6.77434e+06
6.77435e+06
6.77435e+06
6.77435e+06
6.77435e+06
6.77435e+06
6.77435e+06
6.77435e+06
6.77435e+06
6.77435e+06
6.77436e+06
6.77436e+06
6.77436e+06
6.77436e+06
6.77436e+06
6.77436e+06
6.77436e+06
6.77436e+06
6.77436e+06
6.77437e+06
6.77437e+06
6.77437e+06
6.77437e+06
6.77437e+06
6.77437e+06
6.77437e+06
6.77437e+06
6.77437e+06
6.77438e+06
6.77438e+06
6.77438e+06
6.77438e+06
6.77438e+06
6.77438e+06
6.77438e+06
6.77438e+06
6.77438e+06
6.77439e+06
6.77439e+06
6.77439e+06
6.77439e+06
6.77439e+06
6.77439e+06
6.77439e+06
6.77439e+06
6.7744e+06
6.7744e+06
6.7744e+06
6.7744e+06
6.7744e+06
6.7744e+06
6.7744e+06
6.7744e+06
6.7744e+06
6.77441e+06
6.77441e+06
6.77441e+06
6.77441e+06
6.77441e+06
6.77441e+06
6.77441e+06
6.77441e+06
6.77441e+06
6.77442e+06
6.77442e+06
6.77442e+06
6.77442e+06
6.77442e+06
6.77442e+06
6.77442e+06
6.77442e+06
6.77442e+06
6.77443e+06
6.77443e+06
6.77443e+06
6.77443e+06
6.77443e+06
6.77443e+06
6.77443e+06
6.77443e+06
6.77443e+06
6.77444e+06
6.77444e+06
6.77444e+06
6.77444e+06
6.77444e+06
6.77444e+06
6.77444e+06
6.77444e+06
6.77445e+06
6.77445e+06
6.77445e+06
6.77445e+06
6.77445e+06
6.77445e+06
6.77445e+06
6.77445e+06
6.77445e+06
6.77446e+06
6.77446e+06
6.77446e+06
6.77446e+06
6.77446e+06
6.77446e+06
6.77446e+06
6.77446e+06
6.77446e+06
6.77447e+06
6.77447e+06
6.77447e+06
6.77447e+06
6.77447e+06
6.77447e+06
6.77447e+06
6.77447e+06
6.77448e+06
6.77448e+06
6.77448e+06
6.77448e+06
6.77448e+06
6.77448e+06
6.77448e+06
6.77448e+06
6.77448e+06
6.77449e+06
6.77449e+06
6.77449e+06
6.77449e+06
6.77449e+06
6.77449e+06
6.77449e+06
6.77449e+06
6.77449e+06
6.7745e+06
6.7745e+06
6.7745e+06
6.7745e+06
6.7745e+06
6.7745e+06
6.7745e+06
6.7745e+06
6.77451e+06
6.77451e+06
6.77451e+06
6.77451e+06
6.77451e+06
6.77451e+06
6.77451e+06
6.77451e+06
6.77451e+06
6.77452e+06
6.77452e+06
6.77452e+06
6.77452e+06
6.77452e+06
6.77452e+06
6.77452e+06
6.77452e+06
6.77452e+06
6.77453e+06
6.77453e+06
6.77453e+06
6.77453e+06
6.77453e+06
6.77453e+06
6.77453e+06
6.77453e+06
6.77454e+06
6.77454e+06
6.77454e+06
6.77454e+06
6.77454e+06
6.77454e+06
6.77454e+06
6.77454e+06
6.77454e+06
6.77455e+06
6.77455e+06
6.77455e+06
6.77455e+06
6.77455e+06
6.77455e+06
6.77455e+06
6.77455e+06
6.77456e+06
6.77456e+06
6.77456e+06
6.77456e+06
6.77456e+06
6.77456e+06
6.77456e+06
6.77456e+06
6.77456e+06
6.77457e+06
6.77457e+06
6.77457e+06
6.77457e+06
6.77457e+06
6.77457e+06
6.77457e+06
6.77457e+06
6.77458e+06
6.77458e+06
6.77458e+06
6.77458e+06
6.77458e+06
6.77458e+06
6.77458e+06
6.77458e+06
6.77458e+06
6.77459e+06
6.77459e+06
6.77459e+06
6.77459e+06
6.77459e+06
6.77459e+06
6.77459e+06
6.77459e+06
6.7746e+06
6.7746e+06
6.7746e+06
6.7746e+06
6.7746e+06
6.7746e+06
6.7746e+06
6.7746e+06
6.7746e+06
6.77461e+06
6.77461e+06
6.77461e+06
6.77461e+06
6.77461e+06
6.77461e+06
6.77461e+06
6.77461e+06
6.77462e+06
6.77462e+06
6.77462e+06
6.77462e+06
6.77462e+06
6.77462e+06
6.77462e+06
6.77462e+06
6.77462e+06
6.77463e+06
6.77463e+06
6.77463e+06
6.77463e+06
6.77463e+06
6.77463e+06
6.77463e+06
6.77463e+06
6.77464e+06
6.77464e+06
6.77464e+06
6.77464e+06
6.77464e+06
6.77464e+06
6.77464e+06
6.77464e+06
6.77464e+06
6.77465e+06
6.77465e+06
6.77465e+06
6.77465e+06
6.77465e+06
6.77465e+06
6.77465e+06
6.77465e+06
6.77466e+06
6.77466e+06
6.77466e+06
6.77466e+06
6.77466e+06
6.77466e+06
6.77466e+06
6.77466e+06
6.77467e+06
6.77467e+06
6.77467e+06
6.77467e+06
6.77467e+06
6.77467e+06
6.77467e+06
6.77467e+06
6.77467e+06
6.77468e+06
6.77468e+06
6.77468e+06
6.77468e+06
6.77468e+06
6.77468e+06
6.77468e+06
6.77468e+06
6.77469e+06
6.77469e+06
6.77469e+06
6.77469e+06
6.77469e+06
6.77469e+06
6.77469e+06
6.77469e+06
6.77469e+06
6.7747e+06
6.7747e+06
6.7747e+06
6.7747e+06
6.7747e+06
6.7747e+06
6.7747e+06
6.7747e+06
6.77471e+06
6.77471e+06
6.77471e+06
6.77471e+06
6.77471e+06
6.77471e+06
6.77471e+06
6.77471e+06
6.77472e+06
6.77472e+06
6.77472e+06
6.77472e+06
6.77472e+06
6.77472e+06
6.77472e+06
6.77472e+06
6.77472e+06
6.77473e+06
6.77473e+06
6.77473e+06
6.77473e+06
6.77473e+06
6.77473e+06
6.77473e+06
6.77473e+06
6.77474e+06
6.77474e+06
6.77474e+06
6.77474e+06
6.77474e+06
6.77474e+06
6.77474e+06
6.77474e+06
6.77475e+06
6.77475e+06
6.77475e+06
6.77475e+06
6.77475e+06
6.77475e+06
6.77475e+06
6.77475e+06
6.77475e+06
6.77476e+06
6.77476e+06
6.77476e+06
6.77476e+06
6.77476e+06
6.77476e+06
6.77476e+06
6.77476e+06
6.77477e+06
6.77477e+06
6.77477e+06
6.77477e+06
6.77477e+06
6.77477e+06
6.77477e+06
6.77477e+06
6.77478e+06
6.77478e+06
6.77478e+06
6.77478e+06
6.77478e+06
6.77478e+06
6.77478e+06
6.77478e+06
6.77479e+06
6.77479e+06
6.77479e+06
6.77479e+06
6.77479e+06
6.77479e+06
6.77479e+06
6.77479e+06
6.77479e+06
6.7748e+06
6.7748e+06
6.7748e+06
6.7748e+06
6.7748e+06
6.7748e+06
6.7748e+06
6.7748e+06
6.77481e+06
6.77481e+06
6.77481e+06
6.77481e+06
6.77481e+06
6.77481e+06
6.77481e+06
6.77481e+06
6.77482e+06
6.77482e+06
6.77482e+06
6.77482e+06
6.77482e+06
6.77482e+06
6.77482e+06
6.77482e+06
6.77483e+06
6.77483e+06
6.77483e+06
6.77483e+06
6.77483e+06
6.77483e+06
6.77483e+06
6.77483e+06
6.77484e+06
6.77484e+06
6.77484e+06
6.77484e+06
6.77484e+06
6.77484e+06
6.77484e+06
6.77484e+06
6.77484e+06
6.77485e+06
6.77485e+06
6.77485e+06
6.77485e+06
6.77485e+06
6.77485e+06
6.77485e+06
6.77485e+06
6.77486e+06
6.77486e+06
6.77486e+06
6.77486e+06
6.77486e+06
6.77486e+06
6.77486e+06
6.77486e+06
6.77487e+06
6.77487e+06
6.77487e+06
6.77487e+06
6.77487e+06
6.77487e+06
6.77487e+06
6.77487e+06
6.77488e+06
6.77488e+06
6.77488e+06
6.77488e+06
6.77488e+06
6.77488e+06
6.77488e+06
6.77488e+06
6.77489e+06
6.77489e+06
6.77489e+06
6.77489e+06
6.77489e+06
6.77489e+06
6.77489e+06
6.77489e+06
6.7749e+06
6.7749e+06
6.7749e+06
6.7749e+06
6.7749e+06
6.7749e+06
6.7749e+06
6.7749e+06
6.77491e+06
6.77491e+06
6.77491e+06
6.77491e+06
6.77491e+06
6.77491e+06
6.77491e+06
6.77491e+06
6.77492e+06
6.77492e+06
6.77492e+06
6.77492e+06
6.77492e+06
6.77492e+06
6.77492e+06
6.77492e+06
6.77492e+06
6.77493e+06
6.77493e+06
6.77493e+06
6.77493e+06
6.77493e+06
6.77493e+06
6.77493e+06
6.77493e+06
6.77494e+06
6.77494e+06
6.77494e+06
6.77494e+06
6.77494e+06
6.77494e+06
6.77494e+06
6.77494e+06
6.77495e+06
6.77495e+06
6.77495e+06
6.77495e+06
6.77495e+06
6.77495e+06
6.77495e+06
6.77495e+06
6.77496e+06
6.77496e+06
6.77496e+06
6.77496e+06
6.77496e+06
6.77496e+06
6.77496e+06
6.77496e+06
6.77497e+06
6.77497e+06
6.77497e+06
6.77497e+06
6.77497e+06
6.77497e+06
6.77497e+06
6.77497e+06
6.77498e+06
6.77498e+06
6.77498e+06
6.77498e+06
6.77498e+06
6.77498e+06
6.77498e+06
6.77498e+06
6.77499e+06
6.77499e+06
6.77499e+06
6.77499e+06
6.77499e+06
6.77499e+06
6.77499e+06
6.77499e+06
6.775e+06
6.775e+06
6.775e+06
6.775e+06
6.775e+06
6.775e+06
6.775e+06
6.775e+06
6.77501e+06
6.77501e+06
6.77501e+06
6.77501e+06
6.77501e+06
6.77501e+06
6.77501e+06
6.77501e+06
6.77502e+06
6.77502e+06
6.77502e+06
6.77502e+06
6.77502e+06
6.77502e+06
6.77502e+06
6.77502e+06
6.77503e+06
6.77503e+06
6.77503e+06
6.77503e+06
6.77503e+06
6.77503e+06
6.77503e+06
6.77503e+06
6.77504e+06
6.77504e+06
6.77504e+06
6.77504e+06
6.77504e+06
6.77504e+06
6.77504e+06
6.77504e+06
6.77505e+06
6.77505e+06
6.77505e+06
6.77505e+06
6.77505e+06
6.77505e+06
6.77505e+06
6.77506e+06
6.77506e+06
6.77506e+06
6.77506e+06
6.77506e+06
6.77506e+06
6.77506e+06
6.77506e+06
6.77507e+06
6.77507e+06
6.77507e+06
6.77507e+06
6.77507e+06
6.77507e+06
6.77507e+06
6.77507e+06
6.77508e+06
6.77508e+06
6.77508e+06
6.77508e+06
6.77508e+06
6.77508e+06
6.77508e+06
6.77508e+06
6.77509e+06
6.77509e+06
6.77509e+06
6.77509e+06
6.77509e+06
6.77509e+06
6.77509e+06
6.77509e+06
6.7751e+06
6.7751e+06
6.7751e+06
6.7751e+06
6.7751e+06
6.7751e+06
6.7751e+06
6.7751e+06
6.77511e+06
6.77511e+06
6.77511e+06
6.77511e+06
6.77511e+06
6.77511e+06
6.77511e+06
6.77511e+06
6.77512e+06
6.77512e+06
6.77512e+06
6.77512e+06
6.77512e+06
6.77512e+06
6.77512e+06
6.77512e+06
6.77513e+06
6.77513e+06
6.77513e+06
6.77513e+06
6.77513e+06
6.77513e+06
6.77513e+06
6.77514e+06
6.77514e+06
6.77514e+06
6.77514e+06
6.77514e+06
6.77514e+06
6.77514e+06
6.77514e+06
6.77515e+06
6.77515e+06
6.77515e+06
6.77515e+06
6.77515e+06
6.77515e+06
6.77515e+06
6.77515e+06
6.77516e+06
6.77516e+06
6.77516e+06
6.77516e+06
6.77516e+06
6.77516e+06
6.77516e+06
6.77516e+06
6.77517e+06
6.77517e+06
6.77517e+06
6.77517e+06
6.77517e+06
6.77517e+06
6.77517e+06
6.77517e+06
6.77518e+06
6.77518e+06
6.77518e+06
6.77518e+06
6.77518e+06
6.77518e+06
6.77518e+06
6.77519e+06
6.77519e+06
6.77519e+06
6.77519e+06
6.77519e+06
6.77519e+06
6.77519e+06
6.77519e+06
6.7752e+06
6.7752e+06
6.7752e+06
6.7752e+06
6.7752e+06
6.7752e+06
6.7752e+06
6.7752e+06
6.77521e+06
6.77521e+06
6.77521e+06
6.77521e+06
6.77521e+06
6.77521e+06
6.77521e+06
6.77521e+06
6.77522e+06
6.77522e+06
6.77522e+06
6.77522e+06
6.77522e+06
6.77522e+06
6.77522e+06
6.77522e+06
6.77523e+06
6.77523e+06
6.77523e+06
6.77523e+06
6.77523e+06
6.77523e+06
6.77523e+06
6.77524e+06
6.77524e+06
6.77524e+06
6.77524e+06
6.77524e+06
6.77524e+06
6.77524e+06
6.77524e+06
6.77525e+06
6.77525e+06
6.77525e+06
6.77525e+06
6.77525e+06
6.77525e+06
6.77525e+06
6.77525e+06
6.77526e+06
6.77526e+06
6.77526e+06
6.77526e+06
6.77526e+06
6.77526e+06
6.77526e+06
6.77527e+06
6.77527e+06
6.77527e+06
6.77527e+06
6.77527e+06
6.77527e+06
6.77527e+06
6.77527e+06
6.77528e+06
6.77528e+06
6.77528e+06
6.77528e+06
6.77528e+06
6.77528e+06
6.77528e+06
6.77528e+06
6.77529e+06
6.77529e+06
6.77529e+06
6.77529e+06
6.77529e+06
6.77529e+06
6.77529e+06
6.7753e+06
6.7753e+06
6.7753e+06
6.7753e+06
6.7753e+06
6.7753e+06
6.7753e+06
6.7753e+06
6.77531e+06
6.77531e+06
6.77531e+06
6.77531e+06
6.77531e+06
6.77531e+06
6.77531e+06
6.77531e+06
6.77532e+06
6.77532e+06
6.77532e+06
6.77532e+06
6.77532e+06
6.77532e+06
6.77532e+06
6.77533e+06
6.77533e+06
6.77533e+06
6.77533e+06
6.77533e+06
6.77533e+06
6.77533e+06
6.77533e+06
6.77534e+06
6.77534e+06
6.77534e+06
6.77534e+06
6.77534e+06
6.77534e+06
6.77534e+06
6.77534e+06
6.77535e+06
6.77535e+06
6.77535e+06
6.77535e+06
6.77535e+06
6.77535e+06
6.77535e+06
6.77536e+06
6.77536e+06
6.77536e+06
6.77536e+06
6.77536e+06
6.77536e+06
6.77536e+06
6.77536e+06
6.77537e+06
6.77537e+06
6.77537e+06
6.77537e+06
6.77537e+06
6.77537e+06
6.77537e+06
6.77538e+06
6.77538e+06
6.77538e+06
6.77538e+06
6.77538e+06
6.77538e+06
6.77538e+06
6.77538e+06
6.77539e+06
6.77539e+06
6.77539e+06
6.77539e+06
6.77539e+06
6.77539e+06
6.77539e+06
6.77539e+06
6.7754e+06
6.7754e+06
6.7754e+06
6.7754e+06
6.7754e+06
6.7754e+06
6.7754e+06
6.77541e+06
6.77541e+06
6.77541e+06
6.77541e+06
6.77541e+06
6.77541e+06
6.77541e+06
6.77541e+06
6.77542e+06
6.77542e+06
6.77542e+06
6.77542e+06
6.77542e+06
6.77542e+06
6.77542e+06
6.77543e+06
6.77543e+06
6.77543e+06
6.77543e+06
6.77543e+06
6.77543e+06
6.77543e+06
6.77543e+06
6.77544e+06
6.77544e+06
6.77544e+06
6.77544e+06
6.77544e+06
6.77544e+06
6.77544e+06
6.77545e+06
6.77545e+06
6.77545e+06
6.77545e+06
6.77545e+06
6.77545e+06
6.77545e+06
6.77545e+06
6.77546e+06
6.77546e+06
6.77546e+06
6.77546e+06
6.77546e+06
6.77546e+06
6.77546e+06
6.77547e+06
6.77547e+06
6.77547e+06
6.77547e+06
6.77547e+06
6.77547e+06
6.77547e+06
6.77547e+06
6.77548e+06
6.77548e+06
6.77548e+06
6.77548e+06
6.77548e+06
6.77548e+06
6.77548e+06
6.77549e+06
6.77549e+06
6.77549e+06
6.77549e+06
6.77549e+06
6.77549e+06
6.77549e+06
6.77549e+06
6.7755e+06
6.7755e+06
6.7755e+06
6.7755e+06
6.7755e+06
6.7755e+06
6.7755e+06
6.77551e+06
6.77551e+06
6.77551e+06
6.77551e+06
6.77551e+06
6.77551e+06
6.77551e+06
6.77551e+06
6.77552e+06
6.77552e+06
6.77552e+06
6.77552e+06
6.77552e+06
6.77552e+06
6.77552e+06
6.77553e+06
6.77553e+06
6.77553e+06
6.77553e+06
6.77553e+06
6.77553e+06
6.77553e+06
6.77553e+06
6.77554e+06
6.77554e+06
6.77554e+06
6.77554e+06
6.77554e+06
6.77554e+06
6.77554e+06
6.77555e+06
6.77555e+06
6.77555e+06
6.77555e+06
6.77555e+06
6.77555e+06
6.77555e+06
6.77555e+06
6.77556e+06
6.77556e+06
6.77556e+06
6.77556e+06
6.77556e+06
6.77556e+06
6.77556e+06
6.77557e+06
6.77557e+06
6.77557e+06
6.77557e+06
6.77557e+06
6.77557e+06
6.77557e+06
6.77558e+06
6.77558e+06
6.77558e+06
6.77558e+06
6.77558e+06
6.77558e+06
6.77558e+06
6.77558e+06
6.77559e+06
6.77559e+06
6.77559e+06
6.77559e+06
6.77559e+06
6.77559e+06
6.77559e+06
6.7756e+06
6.7756e+06
6.7756e+06
6.7756e+06
6.7756e+06
6.7756e+06
6.7756e+06
6.7756e+06
6.77561e+06
6.77561e+06
6.77561e+06
6.77561e+06
6.77561e+06
6.77561e+06
6.77561e+06
6.77562e+06
6.77562e+06
6.77562e+06
6.77562e+06
6.77562e+06
6.77562e+06
6.77562e+06
6.77563e+06
6.77563e+06
6.77563e+06
6.77563e+06
6.77563e+06
6.77563e+06
6.77563e+06
6.77563e+06
6.77564e+06
6.77564e+06
6.77564e+06
6.77564e+06
6.77564e+06
6.77564e+06
6.77564e+06
6.77565e+06
6.77565e+06
6.77565e+06
6.77565e+06
6.77565e+06
6.77565e+06
6.77565e+06
6.77566e+06
6.77566e+06
6.77566e+06
6.77566e+06
6.77566e+06
6.77566e+06
6.77566e+06
6.77566e+06
6.77567e+06
6.77567e+06
6.77567e+06
6.77567e+06
6.77567e+06
6.77567e+06
6.77567e+06
6.77568e+06
6.77568e+06
6.77568e+06
6.77568e+06
6.77568e+06
6.77568e+06
6.77568e+06
6.77569e+06
6.77569e+06
6.77569e+06
6.77569e+06
6.77569e+06
6.77569e+06
6.77569e+06
6.77569e+06
6.7757e+06
6.7757e+06
6.7757e+06
6.7757e+06
6.7757e+06
6.7757e+06
6.7757e+06
6.77571e+06
6.77571e+06
6.77571e+06
6.77571e+06
6.77571e+06
6.77571e+06
6.77571e+06
6.77572e+06
6.77572e+06
6.77572e+06
6.77572e+06
6.77572e+06
6.77572e+06
6.77572e+06
6.77573e+06
6.77573e+06
6.77573e+06
6.77573e+06
6.77573e+06
6.77573e+06
6.77573e+06
6.77573e+06
6.77574e+06
6.77574e+06
6.77574e+06
6.77574e+06
6.77574e+06
6.77574e+06
6.77574e+06
6.77575e+06
6.77575e+06
6.77575e+06
6.77575e+06
6.77575e+06
6.77575e+06
6.77575e+06
6.77576e+06
6.77576e+06
6.77576e+06
6.77576e+06
6.77576e+06
6.77576e+06
6.77576e+06
6.77577e+06
6.77577e+06
6.77577e+06
6.77577e+06
6.77577e+06
6.77577e+06
6.77577e+06
6.77577e+06
6.77578e+06
6.77578e+06
6.77578e+06
6.77578e+06
6.77578e+06
6.77578e+06
6.77578e+06
6.77579e+06
6.77579e+06
6.77579e+06
6.77579e+06
6.77579e+06
6.77579e+06
6.77579e+06
6.7758e+06
6.7758e+06
6.7758e+06
6.7758e+06
6.7758e+06
6.7758e+06
6.7758e+06
6.77581e+06
6.77581e+06
6.77581e+06
6.77581e+06
6.77581e+06
6.77581e+06
6.77581e+06
6.77581e+06
6.77582e+06
6.77582e+06
6.77582e+06
6.77582e+06
6.77582e+06
6.77582e+06
6.77582e+06
6.77583e+06
6.77583e+06
6.77583e+06
6.77583e+06
6.77583e+06
6.77583e+06
6.77583e+06
6.77584e+06
6.77584e+06
6.77584e+06
6.77584e+06
6.77584e+06
6.77584e+06
6.77584e+06
6.77585e+06
6.77585e+06
6.77585e+06
6.77585e+06
6.77585e+06
6.77585e+06
6.77585e+06
6.77586e+06
6.77586e+06
6.77586e+06
6.77586e+06
6.77586e+06
6.77586e+06
6.77586e+06
6.77587e+06
6.77587e+06
6.77587e+06
6.77587e+06
6.77587e+06
6.77587e+06
6.77587e+06
6.77587e+06
6.77588e+06
6.77588e+06
6.77588e+06
6.77588e+06
6.77588e+06
6.77588e+06
6.77588e+06
6.77589e+06
6.77589e+06
6.77589e+06
6.77589e+06
6.77589e+06
6.77589e+06
6.77589e+06
6.7759e+06
6.7759e+06
6.7759e+06
6.7759e+06
6.7759e+06
6.7759e+06
6.7759e+06
6.77591e+06
6.77591e+06
6.77591e+06
6.77591e+06
6.77591e+06
6.77591e+06
6.77591e+06
6.77592e+06
6.77592e+06
6.77592e+06
6.77592e+06
6.77592e+06
6.77592e+06
6.77592e+06
6.77593e+06
6.77593e+06
6.77593e+06
6.77593e+06
6.77593e+06
6.77593e+06
6.77593e+06
6.77594e+06
6.77594e+06
6.77594e+06
6.77594e+06
6.77594e+06
6.77594e+06
6.77594e+06
6.77594e+06
6.77595e+06
6.77595e+06
6.77595e+06
6.77595e+06
6.77595e+06
6.77595e+06
6.77595e+06
6.77596e+06
6.77596e+06
6.77596e+06
6.77596e+06
6.77596e+06
6.77596e+06
6.77596e+06
6.77597e+06
6.77597e+06
6.77597e+06
6.77597e+06
6.77597e+06
6.77597e+06
6.77597e+06
6.77598e+06
6.77598e+06
6.77598e+06
6.77598e+06
6.77598e+06
6.77598e+06
6.77598e+06
6.77599e+06
6.77599e+06
6.77599e+06
6.77599e+06
6.77599e+06
6.77599e+06
6.77599e+06
6.776e+06
6.776e+06
6.776e+06
6.776e+06
6.776e+06
6.776e+06
6.776e+06
6.77601e+06
6.77601e+06
6.77601e+06
6.77601e+06
6.77601e+06
6.77601e+06
6.77601e+06
6.77602e+06
6.77602e+06
6.77602e+06
6.77602e+06
6.77602e+06
6.77602e+06
6.77602e+06
6.77603e+06
6.77603e+06
6.77603e+06
6.77603e+06
6.77603e+06
6.77603e+06
6.77603e+06
6.77604e+06
6.77604e+06
6.77604e+06
6.77604e+06
6.77604e+06
6.77604e+06
6.77604e+06
6.77605e+06
6.77605e+06
6.77605e+06
6.77605e+06
6.77605e+06
6.77605e+06
6.77605e+06
6.77606e+06
6.77606e+06
6.77606e+06
6.77606e+06
6.77606e+06
6.77606e+06
6.77606e+06
6.77607e+06
6.77607e+06
6.77607e+06
6.77607e+06
6.77607e+06
6.77607e+06
6.77607e+06
6.77608e+06
6.77608e+06
6.77608e+06
6.77608e+06
6.77608e+06
6.77608e+06
6.77608e+06
6.77609e+06
6.77609e+06
6.77609e+06
6.77609e+06
6.77609e+06
6.77609e+06
6.77609e+06
6.7761e+06
6.7761e+06
6.7761e+06
6.7761e+06
6.7761e+06
6.7761e+06
6.7761e+06
6.77611e+06
6.77611e+06
6.77611e+06
6.77611e+06
6.77611e+06
6.77611e+06
6.77611e+06
6.77612e+06
6.77612e+06
6.77612e+06
6.77612e+06
6.77612e+06
6.77612e+06
6.77612e+06
6.77613e+06
6.77613e+06
6.77613e+06
6.77613e+06
6.77613e+06
6.77613e+06
6.77613e+06
6.77614e+06
6.77614e+06
6.77614e+06
6.77614e+06
6.77614e+06
6.77614e+06
6.77614e+06
6.77615e+06
6.77615e+06
6.77615e+06
6.77615e+06
6.77615e+06
6.77615e+06
6.77615e+06
6.77616e+06
6.77616e+06
6.77616e+06
6.77616e+06
6.77616e+06
6.77616e+06
6.77616e+06
6.77617e+06
6.77617e+06
6.77617e+06
6.77617e+06
6.77617e+06
6.77617e+06
6.77617e+06
6.77618e+06
6.77618e+06
6.77618e+06
6.77618e+06
6.77618e+06
6.77618e+06
6.77618e+06
6.77619e+06
6.77619e+06
6.77619e+06
6.77619e+06
6.77619e+06
6.77619e+06
6.77619e+06
6.7762e+06
6.7762e+06
6.7762e+06
6.7762e+06
6.7762e+06
6.7762e+06
6.7762e+06
6.77621e+06
6.77621e+06
6.77621e+06
6.77621e+06
6.77621e+06
6.77621e+06
6.77621e+06
6.77622e+06
6.77622e+06
6.77622e+06
6.77622e+06
6.77622e+06
6.77622e+06
6.77622e+06
6.77623e+06
6.77623e+06
6.77623e+06
6.77623e+06
6.77623e+06
6.77623e+06
6.77624e+06
6.77624e+06
6.77624e+06
6.77624e+06
6.77624e+06
6.77624e+06
6.77624e+06
6.77625e+06
6.77625e+06
6.77625e+06
6.77625e+06
6.77625e+06
6.77625e+06
6.77625e+06
6.77626e+06
6.77626e+06
6.77626e+06
6.77626e+06
6.77626e+06
6.77626e+06
6.77626e+06
6.77627e+06
6.77627e+06
6.77627e+06
6.77627e+06
6.77627e+06
6.77627e+06
6.77627e+06
6.77628e+06
6.77628e+06
6.77628e+06
6.77628e+06
6.77628e+06
6.77628e+06
6.77628e+06
6.77629e+06
6.77629e+06
6.77629e+06
6.77629e+06
6.77629e+06
6.77629e+06
6.77629e+06
6.7763e+06
6.7763e+06
6.7763e+06
6.7763e+06
6.7763e+06
6.7763e+06
6.77631e+06
6.77631e+06
6.77631e+06
6.77631e+06
6.77631e+06
6.77631e+06
6.77631e+06
6.77632e+06
6.77632e+06
6.77632e+06
6.77632e+06
6.77632e+06
6.77632e+06
6.77632e+06
6.77633e+06
6.77633e+06
6.77633e+06
6.77633e+06
6.77633e+06
6.77633e+06
6.77633e+06
6.77634e+06
6.77634e+06
6.77634e+06
6.77634e+06
6.77634e+06
6.77634e+06
6.77634e+06
6.77635e+06
6.77635e+06
6.77635e+06
6.77635e+06
6.77635e+06
6.77635e+06
6.77635e+06
6.77636e+06
6.77636e+06
6.77636e+06
6.77636e+06
6.77636e+06
6.77636e+06
6.77637e+06
6.77637e+06
6.77637e+06
6.77637e+06
6.77637e+06
6.77637e+06
6.77637e+06
6.77638e+06
6.77638e+06
6.77638e+06
6.77638e+06
6.77638e+06
6.77638e+06
6.77638e+06
6.77639e+06
6.77639e+06
6.77639e+06
6.77639e+06
6.77639e+06
6.77639e+06
6.77639e+06
6.7764e+06
6.7764e+06
6.7764e+06
6.7764e+06
6.7764e+06
6.7764e+06
6.7764e+06
6.77641e+06
6.77641e+06
6.77641e+06
6.77641e+06
6.77641e+06
6.77641e+06
6.77642e+06
6.77642e+06
6.77642e+06
6.77642e+06
6.77642e+06
6.77642e+06
6.77642e+06
6.77643e+06
6.77643e+06
6.77643e+06
6.77643e+06
6.77643e+06
6.77643e+06
6.77643e+06
6.77644e+06
6.77644e+06
6.77644e+06
6.77644e+06
6.77644e+06
6.77644e+06
6.77644e+06
6.77645e+06
6.77645e+06
6.77645e+06
6.77645e+06
6.77645e+06
6.77645e+06
6.77646e+06
6.77646e+06
6.77646e+06
6.77646e+06
6.77646e+06
6.77646e+06
6.77646e+06
6.77647e+06
6.77647e+06
6.77647e+06
6.77647e+06
6.77647e+06
6.77647e+06
6.77647e+06
6.77648e+06
6.77648e+06
6.77648e+06
6.77648e+06
6.77648e+06
6.77648e+06
6.77648e+06
6.77649e+06
6.77649e+06
6.77649e+06
6.77649e+06
6.77649e+06
6.77649e+06
6.7765e+06
6.7765e+06
6.7765e+06
6.7765e+06
6.7765e+06
6.7765e+06
6.7765e+06
6.77651e+06
6.77651e+06
6.77651e+06
6.77651e+06
6.77651e+06
6.77651e+06
6.77651e+06
6.77652e+06
6.77652e+06
6.77652e+06
6.77652e+06
6.77652e+06
6.77652e+06
6.77652e+06
6.77653e+06
6.77653e+06
6.77653e+06
6.77653e+06
6.77653e+06
6.77653e+06
6.77654e+06
6.77654e+06
6.77654e+06
6.77654e+06
6.77654e+06
6.77654e+06
6.77654e+06
6.77655e+06
6.77655e+06
6.77655e+06
6.77655e+06
6.77655e+06
6.77655e+06
6.77655e+06
6.77656e+06
6.77656e+06
6.77656e+06
6.77656e+06
6.77656e+06
6.77656e+06
6.77657e+06
6.77657e+06
6.77657e+06
6.77657e+06
6.77657e+06
6.77657e+06
6.77657e+06
6.77658e+06
6.77658e+06
6.77658e+06
6.77658e+06
6.77658e+06
6.77658e+06
6.77658e+06
6.77659e+06
6.77659e+06
6.77659e+06
6.77659e+06
6.77659e+06
6.77659e+06
6.7766e+06
6.7766e+06
6.7766e+06
6.7766e+06
6.7766e+06
6.7766e+06
6.7766e+06
6.77661e+06
6.77661e+06
6.77661e+06
6.77661e+06
6.77661e+06
6.77661e+06
6.77661e+06
6.77662e+06
6.77662e+06
6.77662e+06
6.77662e+06
6.77662e+06
6.77662e+06
6.77663e+06
6.77663e+06
6.77663e+06
6.77663e+06
6.77663e+06
6.77663e+06
6.77663e+06
6.77664e+06
6.77664e+06
6.77664e+06
6.77664e+06
6.77664e+06
6.77664e+06
6.77664e+06
6.77665e+06
6.77665e+06
6.77665e+06
6.77665e+06
6.77665e+06
6.77665e+06
6.77666e+06
6.77666e+06
6.77666e+06
6.77666e+06
6.77666e+06
6.77666e+06
6.77666e+06
6.77667e+06
6.77667e+06
6.77667e+06
6.77667e+06
6.77667e+06
6.77667e+06
6.77667e+06
6.77668e+06
6.77668e+06
6.77668e+06
6.77668e+06
6.77668e+06
6.77668e+06
6.77669e+06
6.77669e+06
6.77669e+06
6.77669e+06
6.77669e+06
6.77669e+06
6.77669e+06
6.7767e+06
6.7767e+06
6.7767e+06
6.7767e+06
6.7767e+06
6.7767e+06
6.77671e+06
6.77671e+06
6.77671e+06
6.77671e+06
6.77671e+06
6.77671e+06
6.77671e+06
6.77672e+06
6.77672e+06
6.77672e+06
6.77672e+06
6.77672e+06
6.77672e+06
6.77672e+06
6.77673e+06
6.77673e+06
6.77673e+06
6.77673e+06
6.77673e+06
6.77673e+06
6.77674e+06
6.77674e+06
6.77674e+06
6.77674e+06
6.77674e+06
6.77674e+06
6.77674e+06
6.77675e+06
6.77675e+06
6.77675e+06
6.77675e+06
6.77675e+06
6.77675e+06
6.77676e+06
6.77676e+06
6.77676e+06
6.77676e+06
6.77676e+06
6.77676e+06
6.77676e+06
6.77677e+06
6.77677e+06
6.77677e+06
6.77677e+06
6.77677e+06
6.77677e+06
6.77678e+06
6.77678e+06
6.77678e+06
6.77678e+06
6.77678e+06
6.77678e+06
6.77678e+06
6.77679e+06
6.77679e+06
6.77679e+06
6.77679e+06
6.77679e+06
6.77679e+06
6.77679e+06
6.7768e+06
6.7768e+06
6.7768e+06
6.7768e+06
6.7768e+06
6.7768e+06
6.77681e+06
6.77681e+06
6.77681e+06
6.77681e+06
6.77681e+06
6.77681e+06
6.77681e+06
6.77682e+06
6.77682e+06
6.77682e+06
6.77682e+06
6.77682e+06
6.77682e+06
6.77683e+06
6.77683e+06
6.77683e+06
6.77683e+06
6.77683e+06
6.77683e+06
6.77683e+06
6.77684e+06
6.77684e+06
6.77684e+06
6.77684e+06
6.77684e+06
6.77684e+06
6.77685e+06
6.77685e+06
6.77685e+06
6.77685e+06
6.77685e+06
6.77685e+06
6.77685e+06
6.77686e+06
6.77686e+06
6.77686e+06
6.77686e+06
6.77686e+06
6.77686e+06
6.77687e+06
6.77687e+06
6.77687e+06
6.77687e+06
6.77687e+06
6.77687e+06
6.77687e+06
6.77688e+06
6.77688e+06
6.77688e+06
6.77688e+06
6.77688e+06
6.77688e+06
6.77689e+06
6.77689e+06
6.77689e+06
6.77689e+06
6.77689e+06
6.77689e+06
6.77689e+06
6.7769e+06
6.7769e+06
6.7769e+06
6.7769e+06
6.7769e+06
6.7769e+06
6.77691e+06
6.77691e+06
6.77691e+06
6.77691e+06
6.77691e+06
6.77691e+06
6.77691e+06
6.77692e+06
6.77692e+06
6.77692e+06
6.77692e+06
6.77692e+06
6.77692e+06
6.77693e+06
6.77693e+06
6.77693e+06
6.77693e+06
6.77693e+06
6.77693e+06
6.77693e+06
6.77694e+06
6.77694e+06
6.77694e+06
6.77694e+06
6.77694e+06
6.77694e+06
6.77695e+06
6.77695e+06
6.77695e+06
6.77695e+06
6.77695e+06
6.77695e+06
6.77695e+06
6.77696e+06
6.77696e+06
6.77696e+06
6.77696e+06
6.77696e+06
6.77696e+06
6.77697e+06
6.77697e+06
6.77697e+06
6.77697e+06
6.77697e+06
6.77697e+06
6.77697e+06
6.77698e+06
6.77698e+06
6.77698e+06
6.77698e+06
6.77698e+06
6.77698e+06
6.77699e+06
6.77699e+06
6.77699e+06
6.77699e+06
6.77699e+06
6.77699e+06
6.77699e+06
6.777e+06
6.777e+06
6.777e+06
6.777e+06
6.777e+06
6.777e+06
6.77701e+06
6.77701e+06
6.77701e+06
6.77701e+06
6.77701e+06
6.77701e+06
6.77701e+06
6.77702e+06
6.77702e+06
6.77702e+06
6.77702e+06
6.77702e+06
6.77702e+06
6.77703e+06
6.77703e+06
6.77703e+06
6.77703e+06
6.77703e+06
6.77703e+06
6.77704e+06
6.77704e+06
6.77704e+06
6.77704e+06
6.77704e+06
6.77704e+06
6.77704e+06
6.77705e+06
6.77705e+06
6.77705e+06
6.77705e+06
6.77705e+06
6.77705e+06
6.77706e+06
6.77706e+06
6.77706e+06
6.77706e+06
6.77706e+06
6.77706e+06
6.77706e+06
6.77707e+06
6.77707e+06
6.77707e+06
6.77707e+06
6.77707e+06
6.77707e+06
6.77708e+06
6.77708e+06
6.77708e+06
6.77708e+06
6.77708e+06
6.77708e+06
6.77709e+06
6.77709e+06
6.77709e+06
6.77709e+06
6.77709e+06
6.77709e+06
6.77709e+06
6.7771e+06
6.7771e+06
6.7771e+06
6.7771e+06
6.7771e+06
6.7771e+06
6.77711e+06
6.77711e+06
6.77711e+06
6.77711e+06
6.77711e+06
6.77711e+06
6.77711e+06
6.77712e+06
6.77712e+06
6.77712e+06
6.77712e+06
6.77712e+06
6.77712e+06
6.77713e+06
6.77713e+06
6.77713e+06
6.77713e+06
6.77713e+06
6.77713e+06
6.77714e+06
6.77714e+06
6.77714e+06
6.77714e+06
6.77714e+06
6.77714e+06
6.77714e+06
6.77715e+06
6.77715e+06
6.77715e+06
6.77715e+06
6.77715e+06
6.77715e+06
6.77716e+06
6.77716e+06
6.77716e+06
6.77716e+06
6.77716e+06
6.77716e+06
6.77716e+06
6.77717e+06
6.77717e+06
6.77717e+06
6.77717e+06
6.77717e+06
6.77717e+06
6.77718e+06
6.77718e+06
6.77718e+06
6.77718e+06
6.77718e+06
6.77718e+06
6.77719e+06
6.77719e+06
6.77719e+06
6.77719e+06
6.77719e+06
6.77719e+06
6.77719e+06
6.7772e+06
6.7772e+06
6.7772e+06
6.7772e+06
6.7772e+06
6.7772e+06
6.77721e+06
6.77721e+06
6.77721e+06
6.77721e+06
6.77721e+06
6.77721e+06
6.77722e+06
6.77722e+06
6.77722e+06
6.77722e+06
6.77722e+06
6.77722e+06
6.77722e+06
6.77723e+06
6.77723e+06
6.77723e+06
6.77723e+06
6.77723e+06
6.77723e+06
6.77724e+06
6.77724e+06
6.77724e+06
6.77724e+06
6.77724e+06
6.77724e+06
6.77725e+06
6.77725e+06
6.77725e+06
6.77725e+06
6.77725e+06
6.77725e+06
6.77725e+06
6.77726e+06
6.77726e+06
6.77726e+06
6.77726e+06
6.77726e+06
6.77726e+06
6.77727e+06
6.77727e+06
6.77727e+06
6.77727e+06
6.77727e+06
6.77727e+06
6.77728e+06
6.77728e+06
6.77728e+06
6.77728e+06
6.77728e+06
6.77728e+06
6.77728e+06
6.77729e+06
6.77729e+06
6.77729e+06
6.77729e+06
6.77729e+06
6.77729e+06
6.7773e+06
6.7773e+06
6.7773e+06
6.7773e+06
6.7773e+06
6.7773e+06
6.77731e+06
6.77731e+06
6.77731e+06
6.77731e+06
6.77731e+06
6.77731e+06
6.77732e+06
6.77732e+06
6.77732e+06
6.77732e+06
6.77732e+06
6.77732e+06
6.77732e+06
6.77733e+06
6.77733e+06
6.77733e+06
6.77733e+06
6.77733e+06
6.77733e+06
6.77734e+06
6.77734e+06
6.77734e+06
6.77734e+06
6.77734e+06
6.77734e+06
6.77735e+06
6.77735e+06
6.77735e+06
6.77735e+06
6.77735e+06
6.77735e+06
6.77735e+06
6.77736e+06
6.77736e+06
6.77736e+06
6.77736e+06
6.77736e+06
6.77736e+06
6.77737e+06
6.77737e+06
6.77737e+06
6.77737e+06
6.77737e+06
6.77737e+06
6.77738e+06
6.77738e+06
6.77738e+06
6.77738e+06
6.77738e+06
6.77738e+06
6.77739e+06
6.77739e+06
6.77739e+06
6.77739e+06
6.77739e+06
6.77739e+06
6.77739e+06
6.7774e+06
6.7774e+06
6.7774e+06
6.7774e+06
6.7774e+06
6.7774e+06
6.77741e+06
6.77741e+06
6.77741e+06
6.77741e+06
6.77741e+06
6.77741e+06
6.77742e+06
6.77742e+06
6.77742e+06
6.77742e+06
6.77742e+06
6.77742e+06
6.77743e+06
6.77743e+06
6.77743e+06
6.77743e+06
6.77743e+06
6.77743e+06
6.77743e+06
6.77744e+06
6.77744e+06
6.77744e+06
6.77744e+06
6.77744e+06
6.77744e+06
6.77745e+06
6.77745e+06
6.77745e+06
6.77745e+06
6.77745e+06
6.77745e+06
6.77746e+06
6.77746e+06
6.77746e+06
6.77746e+06
6.77746e+06
6.77746e+06
6.77747e+06
6.77747e+06
6.77747e+06
6.77747e+06
6.77747e+06
6.77747e+06
6.77747e+06
6.77748e+06
6.77748e+06
6.77748e+06
6.77748e+06
6.77748e+06
6.77748e+06
6.77749e+06
6.77749e+06
6.77749e+06
6.77749e+06
6.77749e+06
6.77749e+06
6.7775e+06
6.7775e+06
6.7775e+06
6.7775e+06
6.7775e+06
6.7775e+06
6.77751e+06
6.77751e+06
6.77751e+06
6.77751e+06
6.77751e+06
6.77751e+06
6.77751e+06
6.77752e+06
6.77752e+06
6.77752e+06
6.77752e+06
6.77752e+06
6.77752e+06
6.77753e+06
6.77753e+06
6.77753e+06
6.77753e+06
6.77753e+06
6.77753e+06
6.77754e+06
6.77754e+06
6.77754e+06
6.77754e+06
6.77754e+06
6.77754e+06
6.77755e+06
6.77755e+06
6.77755e+06
6.77755e+06
6.77755e+06
6.77755e+06
6.77756e+06
6.77756e+06
6.77756e+06
6.77756e+06
6.77756e+06
6.77756e+06
6.77756e+06
6.77757e+06
6.77757e+06
6.77757e+06
6.77757e+06
6.77757e+06
6.77757e+06
6.77758e+06
6.77758e+06
6.77758e+06
6.77758e+06
6.77758e+06
6.77758e+06
6.77759e+06
6.77759e+06
6.77759e+06
6.77759e+06
6.77759e+06
6.77759e+06
6.7776e+06
6.7776e+06
6.7776e+06
6.7776e+06
6.7776e+06
6.7776e+06
6.77761e+06
6.77761e+06
6.77761e+06
6.77761e+06
6.77761e+06
6.77761e+06
6.77762e+06
6.77762e+06
6.77762e+06
6.77762e+06
6.77762e+06
6.77762e+06
6.77762e+06
6.77763e+06
6.77763e+06
6.77763e+06
6.77763e+06
6.77763e+06
6.77763e+06
6.77764e+06
6.77764e+06
6.77764e+06
6.77764e+06
6.77764e+06
6.77764e+06
6.77765e+06
6.77765e+06
6.77765e+06
6.77765e+06
6.77765e+06
6.77765e+06
6.77766e+06
6.77766e+06
6.77766e+06
6.77766e+06
6.77766e+06
6.77766e+06
6.77767e+06
6.77767e+06
6.77767e+06
6.77767e+06
6.77767e+06
6.77767e+06
6.77768e+06
6.77768e+06
6.77768e+06
6.77768e+06
6.77768e+06
6.77768e+06
6.77769e+06
6.77769e+06
6.77769e+06
6.77769e+06
6.77769e+06
6.77769e+06
6.77769e+06
6.7777e+06
6.7777e+06
6.7777e+06
6.7777e+06
6.7777e+06
6.7777e+06
6.77771e+06
6.77771e+06
6.77771e+06
6.77771e+06
6.77771e+06
6.77771e+06
6.77772e+06
6.77772e+06
6.77772e+06
6.77772e+06
6.77772e+06
6.77772e+06
6.77773e+06
6.77773e+06
6.77773e+06
6.77773e+06
6.77773e+06
6.77773e+06
6.77774e+06
6.77774e+06
6.77774e+06
6.77774e+06
6.77774e+06
6.77774e+06
6.77775e+06
6.77775e+06
6.77775e+06
6.77775e+06
6.77775e+06
6.77775e+06
6.77776e+06
6.77776e+06
6.77776e+06
6.77776e+06
6.77776e+06
6.77776e+06
6.77777e+06
6.77777e+06
6.77777e+06
6.77777e+06
6.77777e+06
6.77777e+06
6.77777e+06
6.77778e+06
6.77778e+06
6.77778e+06
6.77778e+06
6.77778e+06
6.77778e+06
6.77779e+06
6.77779e+06
6.77779e+06
6.77779e+06
6.77779e+06
6.77779e+06
6.7778e+06
6.7778e+06
6.7778e+06
6.7778e+06
6.7778e+06
6.7778e+06
6.77781e+06
6.77781e+06
6.77781e+06
6.77781e+06
6.77781e+06
6.77781e+06
6.77782e+06
6.77782e+06
6.77782e+06
6.77782e+06
6.77782e+06
6.77782e+06
6.77783e+06
6.77783e+06
6.77783e+06
6.77783e+06
6.77783e+06
6.77783e+06
6.77784e+06
6.77784e+06
6.77784e+06
6.77784e+06
6.77784e+06
6.77784e+06
6.77785e+06
6.77785e+06
6.77785e+06
6.77785e+06
6.77785e+06
6.77785e+06
6.77786e+06
6.77786e+06
6.77786e+06
6.77786e+06
6.77786e+06
6.77786e+06
6.77787e+06
6.77787e+06
6.77787e+06
6.77787e+06
6.77787e+06
6.77787e+06
6.77788e+06
6.77788e+06
6.77788e+06
6.77788e+06
6.77788e+06
6.77788e+06
6.77789e+06
6.77789e+06
6.77789e+06
6.77789e+06
6.77789e+06
6.77789e+06
6.77789e+06
6.7779e+06
6.7779e+06
6.7779e+06
6.7779e+06
6.7779e+06
6.7779e+06
6.77791e+06
6.77791e+06
6.77791e+06
6.77791e+06
6.77791e+06
6.77791e+06
6.77792e+06
6.77792e+06
6.77792e+06
6.77792e+06
6.77792e+06
6.77792e+06
6.77793e+06
6.77793e+06
6.77793e+06
6.77793e+06
6.77793e+06
6.77793e+06
6.77794e+06
6.77794e+06
6.77794e+06
6.77794e+06
6.77794e+06
6.77794e+06
6.77795e+06
6.77795e+06
6.77795e+06
6.77795e+06
6.77795e+06
6.77795e+06
6.77796e+06
6.77796e+06
6.77796e+06
6.77796e+06
6.77796e+06
6.77796e+06
6.77797e+06
6.77797e+06
6.77797e+06
6.77797e+06
6.77797e+06
6.77797e+06
6.77798e+06
6.77798e+06
6.77798e+06
6.77798e+06
6.77798e+06
6.77798e+06
6.77799e+06
6.77799e+06
6.77799e+06
6.77799e+06
6.77799e+06
6.77799e+06
6.778e+06
6.778e+06
6.778e+06
6.778e+06
6.778e+06
6.778e+06
6.77801e+06
6.77801e+06
6.77801e+06
6.77801e+06
6.77801e+06
6.77801e+06
6.77802e+06
6.77802e+06
6.77802e+06
6.77802e+06
6.77802e+06
6.77802e+06
6.77803e+06
6.77803e+06
6.77803e+06
6.77803e+06
6.77803e+06
6.77803e+06
6.77804e+06
6.77804e+06
6.77804e+06
6.77804e+06
6.77804e+06
6.77804e+06
6.77805e+06
6.77805e+06
6.77805e+06
6.77805e+06
6.77805e+06
6.77805e+06
6.77806e+06
6.77806e+06
6.77806e+06
6.77806e+06
6.77806e+06
6.77806e+06
6.77807e+06
6.77807e+06
6.77807e+06
6.77807e+06
6.77807e+06
6.77807e+06
6.77808e+06
6.77808e+06
6.77808e+06
6.77808e+06
6.77808e+06
6.77808e+06
6.77809e+06
6.77809e+06
6.77809e+06
6.77809e+06
6.77809e+06
6.77809e+06
6.7781e+06
6.7781e+06
6.7781e+06
6.7781e+06
6.7781e+06
6.7781e+06
6.77811e+06
6.77811e+06
6.77811e+06
6.77811e+06
6.77811e+06
6.77811e+06
6.77812e+06
6.77812e+06
6.77812e+06
6.77812e+06
6.77812e+06
6.77812e+06
6.77813e+06
6.77813e+06
6.77813e+06
6.77813e+06
6.77813e+06
6.77813e+06
6.77814e+06
6.77814e+06
6.77814e+06
6.77814e+06
6.77814e+06
6.77814e+06
6.77815e+06
6.77815e+06
6.77815e+06
6.77815e+06
6.77815e+06
6.77815e+06
6.77816e+06
6.77816e+06
6.77816e+06
6.77816e+06
6.77816e+06
6.77816e+06
6.77817e+06
6.77817e+06
6.77817e+06
6.77817e+06
6.77817e+06
6.77817e+06
6.77818e+06
6.77818e+06
6.77818e+06
6.77818e+06
6.77818e+06
6.77818e+06
6.77819e+06
6.77819e+06
6.77819e+06
6.77819e+06
6.77819e+06
6.77819e+06
6.7782e+06
6.7782e+06
6.7782e+06
6.7782e+06
6.7782e+06
6.7782e+06
6.77821e+06
6.77821e+06
6.77821e+06
6.77821e+06
6.77821e+06
6.77821e+06
6.77822e+06
6.77822e+06
6.77822e+06
6.77822e+06
6.77822e+06
6.77822e+06
6.77823e+06
6.77823e+06
6.77823e+06
6.77823e+06
6.77823e+06
6.77823e+06
6.77824e+06
6.77824e+06
6.77824e+06
6.77824e+06
6.77824e+06
6.77825e+06
6.77825e+06
6.77825e+06
6.77825e+06
6.77825e+06
6.77825e+06
6.77826e+06
6.77826e+06
6.77826e+06
6.77826e+06
6.77826e+06
6.77826e+06
6.77827e+06
6.77827e+06
6.77827e+06
6.77827e+06
6.77827e+06
6.77827e+06
6.77828e+06
6.77828e+06
6.77828e+06
6.77828e+06
6.77828e+06
6.77828e+06
6.77829e+06
6.77829e+06
6.77829e+06
6.77829e+06
6.77829e+06
6.77829e+06
6.7783e+06
6.7783e+06
6.7783e+06
6.7783e+06
6.7783e+06
6.7783e+06
6.77831e+06
6.77831e+06
6.77831e+06
6.77831e+06
6.77831e+06
6.77831e+06
6.77832e+06
6.77832e+06
6.77832e+06
6.77832e+06
6.77832e+06
6.77832e+06
6.77833e+06
6.77833e+06
6.77833e+06
6.77833e+06
6.77833e+06
6.77833e+06
6.77834e+06
6.77834e+06
6.77834e+06
6.77834e+06
6.77834e+06
6.77834e+06
6.77835e+06
6.77835e+06
6.77835e+06
6.77835e+06
6.77835e+06
6.77835e+06
6.77836e+06
6.77836e+06
6.77836e+06
6.77836e+06
6.77836e+06
6.77837e+06
6.77837e+06
6.77837e+06
6.77837e+06
6.77837e+06
6.77837e+06
6.77838e+06
6.77838e+06
6.77838e+06
6.77838e+06
6.77838e+06
6.77838e+06
6.77839e+06
6.77839e+06
6.77839e+06
6.77839e+06
6.77839e+06
6.77839e+06
6.7784e+06
6.7784e+06
6.7784e+06
6.7784e+06
6.7784e+06
6.7784e+06
6.77841e+06
6.77841e+06
6.77841e+06
6.77841e+06
6.77841e+06
6.77841e+06
6.77842e+06
6.77842e+06
6.77842e+06
6.77842e+06
6.77842e+06
6.77842e+06
6.77843e+06
6.77843e+06
6.77843e+06
6.77843e+06
6.77843e+06
6.77843e+06
6.77844e+06
6.77844e+06
6.77844e+06
6.77844e+06
6.77844e+06
6.77844e+06
6.77845e+06
6.77845e+06
6.77845e+06
6.77845e+06
6.77845e+06
6.77846e+06
6.77846e+06
6.77846e+06
6.77846e+06
6.77846e+06
6.77846e+06
6.77847e+06
6.77847e+06
6.77847e+06
6.77847e+06
6.77847e+06
6.77847e+06
6.77848e+06
6.77848e+06
6.77848e+06
6.77848e+06
6.77848e+06
6.77848e+06
6.77849e+06
6.77849e+06
6.77849e+06
6.77849e+06
6.77849e+06
6.77849e+06
6.7785e+06
6.7785e+06
6.7785e+06
6.7785e+06
6.7785e+06
6.7785e+06
6.77851e+06
6.77851e+06
6.77851e+06
6.77851e+06
6.77851e+06
6.77851e+06
6.77852e+06
6.77852e+06
6.77852e+06
6.77852e+06
6.77852e+06
6.77853e+06
6.77853e+06
6.77853e+06
6.77853e+06
6.77853e+06
6.77853e+06
6.77854e+06
6.77854e+06
6.77854e+06
6.77854e+06
6.77854e+06
6.77854e+06
6.77855e+06
6.77855e+06
6.77855e+06
6.77855e+06
6.77855e+06
6.77855e+06
6.77856e+06
6.77856e+06
6.77856e+06
6.77856e+06
6.77856e+06
6.77856e+06
6.77857e+06
6.77857e+06
6.77857e+06
6.77857e+06
6.77857e+06
6.77857e+06
6.77858e+06
6.77858e+06
6.77858e+06
6.77858e+06
6.77858e+06
6.77858e+06
6.77859e+06
6.77859e+06
6.77859e+06
6.77859e+06
6.77859e+06
6.7786e+06
6.7786e+06
6.7786e+06
6.7786e+06
6.7786e+06
6.7786e+06
6.77861e+06
6.77861e+06
6.77861e+06
6.77861e+06
6.77861e+06
6.77861e+06
6.77862e+06
6.77862e+06
6.77862e+06
6.77862e+06
6.77862e+06
6.77862e+06
6.77863e+06
6.77863e+06
6.77863e+06
6.77863e+06
6.77863e+06
6.77863e+06
6.77864e+06
6.77864e+06
6.77864e+06
6.77864e+06
6.77864e+06
6.77865e+06
6.77865e+06
6.77865e+06
6.77865e+06
6.77865e+06
6.77865e+06
6.77866e+06
6.77866e+06
6.77866e+06
6.77866e+06
6.77866e+06
6.77866e+06
6.77867e+06
6.77867e+06
6.77867e+06
6.77867e+06
6.77867e+06
6.77867e+06
6.77868e+06
6.77868e+06
6.77868e+06
6.77868e+06
6.77868e+06
6.77868e+06
6.77869e+06
6.77869e+06
6.77869e+06
6.77869e+06
6.77869e+06
6.77869e+06
6.7787e+06
6.7787e+06
6.7787e+06
6.7787e+06
6.7787e+06
6.77871e+06
6.77871e+06
6.77871e+06
6.77871e+06
6.77871e+06
6.77871e+06
6.77872e+06
6.77872e+06
6.77872e+06
6.77872e+06
6.77872e+06
6.77872e+06
6.77873e+06
6.77873e+06
6.77873e+06
6.77873e+06
6.77873e+06
6.77873e+06
6.77874e+06
6.77874e+06
6.77874e+06
6.77874e+06
6.77874e+06
6.77875e+06
6.77875e+06
6.77875e+06
6.77875e+06
6.77875e+06
6.77875e+06
6.77876e+06
6.77876e+06
6.77876e+06
6.77876e+06
6.77876e+06
6.77876e+06
6.77877e+06
6.77877e+06
6.77877e+06
6.77877e+06
6.77877e+06
6.77877e+06
6.77878e+06
6.77878e+06
6.77878e+06
6.77878e+06
6.77878e+06
6.77878e+06
6.77879e+06
6.77879e+06
6.77879e+06
6.77879e+06
6.77879e+06
6.7788e+06
6.7788e+06
6.7788e+06
6.7788e+06
6.7788e+06
6.7788e+06
6.77881e+06
6.77881e+06
6.77881e+06
6.77881e+06
6.77881e+06
6.77881e+06
6.77882e+06
6.77882e+06
6.77882e+06
6.77882e+06
6.77882e+06
6.77882e+06
6.77883e+06
6.77883e+06
6.77883e+06
6.77883e+06
6.77883e+06
6.77884e+06
6.77884e+06
6.77884e+06
6.77884e+06
6.77884e+06
6.77884e+06
6.77885e+06
6.77885e+06
6.77885e+06
6.77885e+06
6.77885e+06
6.77885e+06
6.77886e+06
6.77886e+06
6.77886e+06
6.77886e+06
6.77886e+06
6.77886e+06
6.77887e+06
6.77887e+06
6.77887e+06
6.77887e+06
6.77887e+06
6.77888e+06
6.77888e+06
6.77888e+06
6.77888e+06
6.77888e+06
6.77888e+06
6.77889e+06
6.77889e+06
6.77889e+06
6.77889e+06
6.77889e+06
6.77889e+06
6.7789e+06
6.7789e+06
6.7789e+06
6.7789e+06
6.7789e+06
6.7789e+06
6.77891e+06
6.77891e+06
6.77891e+06
6.77891e+06
6.77891e+06
6.77892e+06
6.77892e+06
6.77892e+06
6.77892e+06
6.77892e+06
6.77892e+06
6.77893e+06
6.77893e+06
6.77893e+06
6.77893e+06
6.77893e+06
6.77893e+06
6.77894e+06
6.77894e+06
6.77894e+06
6.77894e+06
6.77894e+06
6.77894e+06
6.77895e+06
6.77895e+06
6.77895e+06
6.77895e+06
6.77895e+06
6.77896e+06
6.77896e+06
6.77896e+06
6.77896e+06
6.77896e+06
6.77896e+06
6.77897e+06
6.77897e+06
6.77897e+06
6.77897e+06
6.77897e+06
6.77897e+06
6.77898e+06
6.77898e+06
6.77898e+06
6.77898e+06
6.77898e+06
6.77898e+06
6.77899e+06
6.77899e+06
6.77899e+06
6.77899e+06
6.77899e+06
6.779e+06
6.779e+06
6.779e+06
6.779e+06
6.779e+06
6.779e+06
6.77901e+06
6.77901e+06
6.77901e+06
6.77901e+06
6.77901e+06
6.77901e+06
6.77902e+06
6.77902e+06
6.77902e+06
6.77902e+06
6.77902e+06
6.77902e+06
6.77903e+06
6.77903e+06
6.77903e+06
6.77903e+06
6.77903e+06
6.77904e+06
6.77904e+06
6.77904e+06
6.77904e+06
6.77904e+06
6.77904e+06
6.77905e+06
6.77905e+06
6.77905e+06
6.77905e+06
6.77905e+06
6.77905e+06
6.77906e+06
6.77906e+06
6.77906e+06
6.77906e+06
6.77906e+06
6.77907e+06
6.77907e+06
6.77907e+06
6.77907e+06
6.77907e+06
6.77907e+06
6.77908e+06
6.77908e+06
6.77908e+06
6.77908e+06
6.77908e+06
6.77908e+06
6.77909e+06
6.77909e+06
6.77909e+06
6.77909e+06
6.77909e+06
6.7791e+06
6.7791e+06
6.7791e+06
6.7791e+06
6.7791e+06
6.7791e+06
6.77911e+06
6.77911e+06
6.77911e+06
6.77911e+06
6.77911e+06
6.77911e+06
6.77912e+06
6.77912e+06
6.77912e+06
6.77912e+06
6.77912e+06
6.77912e+06
6.77913e+06
6.77913e+06
6.77913e+06
6.77913e+06
6.77913e+06
6.77914e+06
6.77914e+06
6.77914e+06
6.77914e+06
6.77914e+06
6.77914e+06
6.77915e+06
6.77915e+06
6.77915e+06
6.77915e+06
6.77915e+06
6.77915e+06
6.77916e+06
6.77916e+06
6.77916e+06
6.77916e+06
6.77916e+06
6.77917e+06
6.77917e+06
6.77917e+06
6.77917e+06
6.77917e+06
6.77917e+06
6.77918e+06
6.77918e+06
6.77918e+06
6.77918e+06
6.77918e+06
6.77918e+06
6.77919e+06
6.77919e+06
6.77919e+06
6.77919e+06
6.77919e+06
6.7792e+06
6.7792e+06
6.7792e+06
6.7792e+06
6.7792e+06
6.7792e+06
6.77921e+06
6.77921e+06
6.77921e+06
6.77921e+06
6.77921e+06
6.77921e+06
6.77922e+06
6.77922e+06
6.77922e+06
6.77922e+06
6.77922e+06
6.77923e+06
6.77923e+06
6.77923e+06
6.77923e+06
6.77923e+06
6.77923e+06
6.77924e+06
6.77924e+06
6.77924e+06
6.77924e+06
6.77924e+06
6.77924e+06
6.77925e+06
6.77925e+06
6.77925e+06
6.77925e+06
6.77925e+06
6.77926e+06
6.77926e+06
6.77926e+06
6.77926e+06
6.77926e+06
6.77926e+06
6.77927e+06
6.77927e+06
6.77927e+06
6.77927e+06
6.77927e+06
6.77927e+06
6.77928e+06
6.77928e+06
6.77928e+06
6.77928e+06
6.77928e+06
6.77929e+06
6.77929e+06
6.77929e+06
6.77929e+06
6.77929e+06
6.77929e+06
6.7793e+06
6.7793e+06
6.7793e+06
6.7793e+06
6.7793e+06
6.7793e+06
6.77931e+06
6.77931e+06
6.77931e+06
6.77931e+06
6.77931e+06
6.77932e+06
6.77932e+06
6.77932e+06
6.77932e+06
6.77932e+06
6.77932e+06
6.77933e+06
6.77933e+06
6.77933e+06
6.77933e+06
6.77933e+06
6.77933e+06
6.77934e+06
6.77934e+06
6.77934e+06
6.77934e+06
6.77934e+06
6.77935e+06
6.77935e+06
6.77935e+06
6.77935e+06
6.77935e+06
6.77935e+06
6.77936e+06
6.77936e+06
6.77936e+06
6.77936e+06
6.77936e+06
6.77937e+06
6.77937e+06
6.77937e+06
6.77937e+06
6.77937e+06
6.77937e+06
6.77938e+06
6.77938e+06
6.77938e+06
6.77938e+06
6.77938e+06
6.77938e+06
6.77939e+06
6.77939e+06
6.77939e+06
6.77939e+06
6.77939e+06
6.7794e+06
6.7794e+06
6.7794e+06
6.7794e+06
6.7794e+06
6.7794e+06
6.77941e+06
6.77941e+06
6.77941e+06
6.77941e+06
6.77941e+06
6.77941e+06
6.77942e+06
6.77942e+06
6.77942e+06
6.77942e+06
6.77942e+06
6.77943e+06
6.77943e+06
6.77943e+06
6.77943e+06
6.77943e+06
6.77943e+06
6.77944e+06
6.77944e+06
6.77944e+06
6.77944e+06
6.77944e+06
6.77945e+06
6.77945e+06
6.77945e+06
6.77945e+06
6.77945e+06
6.77945e+06
6.77946e+06
6.77946e+06
6.77946e+06
6.77946e+06
6.77946e+06
6.77946e+06
6.77947e+06
6.77947e+06
6.77947e+06
6.77947e+06
6.77947e+06
6.77948e+06
6.77948e+06
6.77948e+06
6.77948e+06
6.77948e+06
6.77948e+06
6.77949e+06
6.77949e+06
6.77949e+06
6.77949e+06
6.77949e+06
6.77949e+06
6.7795e+06
6.7795e+06
6.7795e+06
6.7795e+06
6.7795e+06
6.77951e+06
6.77951e+06
6.77951e+06
6.77951e+06
6.77951e+06
6.77951e+06
6.77952e+06
6.77952e+06
6.77952e+06
6.77952e+06
6.77952e+06
6.77953e+06
6.77953e+06
6.77953e+06
6.77953e+06
6.77953e+06
6.77953e+06
6.77954e+06
6.77954e+06
6.77954e+06
6.77954e+06
6.77954e+06
6.77954e+06
6.77955e+06
6.77955e+06
6.77955e+06
6.77955e+06
6.77955e+06
6.77956e+06
6.77956e+06
6.77956e+06
6.77956e+06
6.77956e+06
6.77956e+06
6.77957e+06
6.77957e+06
6.77957e+06
6.77957e+06
6.77957e+06
6.77958e+06
6.77958e+06
6.77958e+06
6.77958e+06
6.77958e+06
6.77958e+06
6.77959e+06
6.77959e+06
6.77959e+06
6.77959e+06
6.77959e+06
6.77959e+06
6.7796e+06
6.7796e+06
6.7796e+06
6.7796e+06
6.7796e+06
6.77961e+06
6.77961e+06
6.77961e+06
6.77961e+06
6.77961e+06
6.77961e+06
6.77962e+06
6.77962e+06
6.77962e+06
6.77962e+06
6.77962e+06
6.77963e+06
6.77963e+06
6.77963e+06
6.77963e+06
6.77963e+06
6.77963e+06
6.77964e+06
6.77964e+06
6.77964e+06
6.77964e+06
6.77964e+06
6.77965e+06
6.77965e+06
6.77965e+06
6.77965e+06
6.77965e+06
6.77965e+06
6.77966e+06
6.77966e+06
6.77966e+06
6.77966e+06
6.77966e+06
6.77966e+06
6.77967e+06
6.77967e+06
6.77967e+06
6.77967e+06
6.77967e+06
6.77968e+06
6.77968e+06
6.77968e+06
6.77968e+06
6.77968e+06
6.77968e+06
6.77969e+06
6.77969e+06
6.77969e+06
6.77969e+06
6.77969e+06
6.7797e+06
6.7797e+06
6.7797e+06
6.7797e+06
6.7797e+06
6.7797e+06
6.77971e+06
6.77971e+06
6.77971e+06
6.77971e+06
6.77971e+06
6.77972e+06
6.77972e+06
6.77972e+06
6.77972e+06
6.77972e+06
6.77972e+06
6.77973e+06
6.77973e+06
6.77973e+06
6.77973e+06
6.77973e+06
6.77973e+06
6.77974e+06
6.77974e+06
6.77974e+06
6.77974e+06
6.77974e+06
6.77975e+06
6.77975e+06
6.77975e+06
6.77975e+06
6.77975e+06
6.77975e+06
6.77976e+06
6.77976e+06
6.77976e+06
6.77976e+06
6.77976e+06
6.77977e+06
6.77977e+06
6.77977e+06
6.77977e+06
6.77977e+06
6.77977e+06
6.77978e+06
6.77978e+06
6.77978e+06
6.77978e+06
6.77978e+06
6.77979e+06
6.77979e+06
6.77979e+06
6.77979e+06
6.77979e+06
6.77979e+06
6.7798e+06
6.7798e+06
6.7798e+06
6.7798e+06
6.7798e+06
6.77981e+06
6.77981e+06
6.77981e+06
6.77981e+06
6.77981e+06
6.77981e+06
6.77982e+06
6.77982e+06
6.77982e+06
6.77982e+06
6.77982e+06
6.77982e+06
6.77983e+06
6.77983e+06
6.77983e+06
6.77983e+06
6.77983e+06
6.77984e+06
6.77984e+06
6.77984e+06
6.77984e+06
6.77984e+06
6.77984e+06
6.77985e+06
6.77985e+06
6.77985e+06
6.77985e+06
6.77985e+06
6.77986e+06
6.77986e+06
6.77986e+06
6.77986e+06
6.77986e+06
6.77986e+06
6.77987e+06
6.77987e+06
6.77987e+06
6.77987e+06
6.77987e+06
6.77988e+06
6.77988e+06
6.77988e+06
6.77988e+06
6.77988e+06
6.77988e+06
6.77989e+06
6.77989e+06
6.77989e+06
6.77989e+06
6.77989e+06
6.7799e+06
6.7799e+06
6.7799e+06
6.7799e+06
6.7799e+06
6.7799e+06
6.77991e+06
6.77991e+06
6.77991e+06
6.77991e+06
6.77991e+06
6.77992e+06
6.77992e+06
6.77992e+06
6.77992e+06
6.77992e+06
6.77992e+06
6.77993e+06
6.77993e+06
6.77993e+06
6.77993e+06
6.77993e+06
6.77994e+06
6.77994e+06
6.77994e+06
6.77994e+06
6.77994e+06
6.77994e+06
6.77995e+06
6.77995e+06
6.77995e+06
6.77995e+06
6.77995e+06
6.77996e+06
6.77996e+06
6.77996e+06
6.77996e+06
6.77996e+06
6.77996e+06
6.77997e+06
6.77997e+06
6.77997e+06
6.77997e+06
6.77997e+06
6.77998e+06
6.77998e+06
6.77998e+06
6.77998e+06
6.77998e+06
6.77998e+06
6.77999e+06
6.77999e+06
6.77999e+06
6.77999e+06
6.77999e+06
6.78e+06
6.78e+06
6.78e+06
6.78e+06
6.78e+06
6.78e+06
6.78001e+06
6.78001e+06
6.78001e+06
6.78001e+06
6.78001e+06
6.78001e+06
6.78002e+06
6.78002e+06
6.78002e+06
6.78002e+06
6.78002e+06
6.78003e+06
6.78003e+06
6.78003e+06
6.78003e+06
6.78003e+06
6.78003e+06
6.78004e+06
6.78004e+06
6.78004e+06
6.78004e+06
6.78004e+06
6.78005e+06
6.78005e+06
6.78005e+06
6.78005e+06
6.78005e+06
6.78005e+06
6.78006e+06
6.78006e+06
6.78006e+06
6.78006e+06
6.78006e+06
6.78007e+06
6.78007e+06
6.78007e+06
6.78007e+06
6.78007e+06
6.78007e+06
6.78008e+06
6.78008e+06
6.78008e+06
6.78008e+06
6.78008e+06
6.78009e+06
6.78009e+06
6.78009e+06
6.78009e+06
6.78009e+06
6.78009e+06
6.7801e+06
6.7801e+06
6.7801e+06
6.7801e+06
6.7801e+06
6.78011e+06
6.78011e+06
6.78011e+06
6.78011e+06
6.78011e+06
6.78011e+06
6.78012e+06
6.78012e+06
6.78012e+06
6.78012e+06
6.78012e+06
6.78013e+06
6.78013e+06
6.78013e+06
6.78013e+06
6.78013e+06
6.78013e+06
6.78014e+06
6.78014e+06
6.78014e+06
6.78014e+06
6.78014e+06
6.78015e+06
6.78015e+06
6.78015e+06
6.78015e+06
6.78015e+06
6.78016e+06
6.78016e+06
6.78016e+06
6.78016e+06
6.78016e+06
6.78016e+06
6.78017e+06
6.78017e+06
6.78017e+06
6.78017e+06
6.78017e+06
6.78018e+06
6.78018e+06
6.78018e+06
6.78018e+06
6.78018e+06
6.78018e+06
6.78019e+06
6.78019e+06
6.78019e+06
6.78019e+06
6.78019e+06
6.7802e+06
6.7802e+06
6.7802e+06
6.7802e+06
6.7802e+06
6.7802e+06
6.78021e+06
6.78021e+06
6.78021e+06
6.78021e+06
6.78021e+06
6.78022e+06
6.78022e+06
6.78022e+06
6.78022e+06
6.78022e+06
6.78022e+06
6.78023e+06
6.78023e+06
6.78023e+06
6.78023e+06
6.78023e+06
6.78024e+06
6.78024e+06
6.78024e+06
6.78024e+06
6.78024e+06
6.78024e+06
6.78025e+06
6.78025e+06
6.78025e+06
6.78025e+06
6.78025e+06
6.78026e+06
6.78026e+06
6.78026e+06
6.78026e+06
6.78026e+06
6.78026e+06
6.78027e+06
6.78027e+06
6.78027e+06
6.78027e+06
6.78027e+06
6.78028e+06
6.78028e+06
6.78028e+06
6.78028e+06
6.78028e+06
6.78028e+06
6.78029e+06
6.78029e+06
6.78029e+06
6.78029e+06
6.78029e+06
6.7803e+06
6.7803e+06
6.7803e+06
6.7803e+06
6.7803e+06
6.7803e+06
6.78031e+06
6.78031e+06
6.78031e+06
6.78031e+06
6.78031e+06
6.78032e+06
6.78032e+06
6.78032e+06
6.78032e+06
6.78032e+06
6.78032e+06
6.78033e+06
6.78033e+06
6.78033e+06
6.78033e+06
6.78033e+06
6.78034e+06
6.78034e+06
6.78034e+06
6.78034e+06
6.78034e+06
6.78035e+06
6.78035e+06
6.78035e+06
6.78035e+06
6.78035e+06
6.78035e+06
6.78036e+06
6.78036e+06
6.78036e+06
6.78036e+06
6.78036e+06
6.78037e+06
6.78037e+06
6.78037e+06
6.78037e+06
6.78037e+06
6.78037e+06
6.78038e+06
6.78038e+06
6.78038e+06
6.78038e+06
6.78038e+06
6.78039e+06
6.78039e+06
6.78039e+06
6.78039e+06
6.78039e+06
6.78039e+06
6.7804e+06
6.7804e+06
6.7804e+06
6.7804e+06
6.7804e+06
6.78041e+06
6.78041e+06
6.78041e+06
6.78041e+06
6.78041e+06
6.78041e+06
6.78042e+06
6.78042e+06
6.78042e+06
6.78042e+06
6.78042e+06
6.78043e+06
6.78043e+06
6.78043e+06
6.78043e+06
6.78043e+06
6.78043e+06
6.78044e+06
6.78044e+06
6.78044e+06
6.78044e+06
6.78044e+06
6.78045e+06
6.78045e+06
6.78045e+06
6.78045e+06
6.78045e+06
6.78046e+06
6.78046e+06
6.78046e+06
6.78046e+06
6.78046e+06
6.78046e+06
6.78047e+06
6.78047e+06
6.78047e+06
6.78047e+06
6.78047e+06
6.78048e+06
6.78048e+06
6.78048e+06
6.78048e+06
6.78048e+06
6.78048e+06
6.78049e+06
6.78049e+06
6.78049e+06
6.78049e+06
6.78049e+06
6.7805e+06
6.7805e+06
6.7805e+06
6.7805e+06
6.7805e+06
6.7805e+06
6.78051e+06
6.78051e+06
6.78051e+06
6.78051e+06
6.78051e+06
6.78052e+06
6.78052e+06
6.78052e+06
6.78052e+06
6.78052e+06
6.78053e+06
6.78053e+06
6.78053e+06
6.78053e+06
6.78053e+06
6.78053e+06
6.78054e+06
6.78054e+06
6.78054e+06
6.78054e+06
6.78054e+06
6.78055e+06
6.78055e+06
6.78055e+06
6.78055e+06
6.78055e+06
6.78055e+06
6.78056e+06
6.78056e+06
6.78056e+06
6.78056e+06
6.78056e+06
6.78057e+06
6.78057e+06
6.78057e+06
6.78057e+06
6.78057e+06
6.78057e+06
6.78058e+06
6.78058e+06
6.78058e+06
6.78058e+06
6.78058e+06
6.78059e+06
6.78059e+06
6.78059e+06
6.78059e+06
6.78059e+06
6.7806e+06
6.7806e+06
6.7806e+06
6.7806e+06
6.7806e+06
6.7806e+06
6.78061e+06
6.78061e+06
6.78061e+06
6.78061e+06
6.78061e+06
6.78062e+06
6.78062e+06
6.78062e+06
6.78062e+06
6.78062e+06
6.78062e+06
6.78063e+06
6.78063e+06
6.78063e+06
6.78063e+06
6.78063e+06
6.78064e+06
6.78064e+06
6.78064e+06
6.78064e+06
6.78064e+06
6.78064e+06
6.78065e+06
6.78065e+06
6.78065e+06
6.78065e+06
6.78065e+06
6.78066e+06
6.78066e+06
6.78066e+06
6.78066e+06
6.78066e+06
6.78067e+06
6.78067e+06
6.78067e+06
6.78067e+06
6.78067e+06
6.78067e+06
6.78068e+06
6.78068e+06
6.78068e+06
6.78068e+06
6.78068e+06
6.78069e+06
6.78069e+06
6.78069e+06
6.78069e+06
6.78069e+06
6.78069e+06
6.7807e+06
6.7807e+06
6.7807e+06
6.7807e+06
6.7807e+06
6.78071e+06
6.78071e+06
6.78071e+06
6.78071e+06
6.78071e+06
6.78072e+06
6.78072e+06
6.78072e+06
6.78072e+06
6.78072e+06
6.78072e+06
6.78073e+06
6.78073e+06
6.78073e+06
6.78073e+06
6.78073e+06
6.78074e+06
6.78074e+06
6.78074e+06
6.78074e+06
6.78074e+06
6.78074e+06
6.78075e+06
6.78075e+06
6.78075e+06
6.78075e+06
6.78075e+06
6.78076e+06
6.78076e+06
6.78076e+06
6.78076e+06
6.78076e+06
6.78077e+06
6.78077e+06
6.78077e+06
6.78077e+06
6.78077e+06
6.78077e+06
6.78078e+06
6.78078e+06
6.78078e+06
6.78078e+06
6.78078e+06
6.78079e+06
6.78079e+06
6.78079e+06
6.78079e+06
6.78079e+06
6.78079e+06
6.7808e+06
6.7808e+06
6.7808e+06
6.7808e+06
6.7808e+06
6.78081e+06
6.78081e+06
6.78081e+06
6.78081e+06
6.78081e+06
6.78082e+06
6.78082e+06
6.78082e+06
6.78082e+06
6.78082e+06
6.78082e+06
6.78083e+06
6.78083e+06
6.78083e+06
6.78083e+06
6.78083e+06
6.78084e+06
6.78084e+06
6.78084e+06
6.78084e+06
6.78084e+06
6.78084e+06
6.78085e+06
6.78085e+06
6.78085e+06
6.78085e+06
6.78085e+06
6.78086e+06
6.78086e+06
6.78086e+06
6.78086e+06
6.78086e+06
6.78087e+06
6.78087e+06
6.78087e+06
6.78087e+06
6.78087e+06
6.78087e+06
6.78088e+06
6.78088e+06
6.78088e+06
6.78088e+06
6.78088e+06
6.78089e+06
6.78089e+06
6.78089e+06
6.78089e+06
6.78089e+06
6.78089e+06
6.7809e+06
6.7809e+06
6.7809e+06
6.7809e+06
6.7809e+06
6.78091e+06
6.78091e+06
6.78091e+06
6.78091e+06
6.78091e+06
6.78092e+06
6.78092e+06
6.78092e+06
6.78092e+06
6.78092e+06
6.78092e+06
6.78093e+06
6.78093e+06
6.78093e+06
6.78093e+06
6.78093e+06
6.78094e+06
6.78094e+06
6.78094e+06
6.78094e+06
6.78094e+06
6.78095e+06
6.78095e+06
6.78095e+06
6.78095e+06
6.78095e+06
6.78095e+06
6.78096e+06
6.78096e+06
6.78096e+06
6.78096e+06
6.78096e+06
6.78097e+06
6.78097e+06
6.78097e+06
6.78097e+06
6.78097e+06
6.78097e+06
6.78098e+06
6.78098e+06
6.78098e+06
6.78098e+06
6.78098e+06
6.78099e+06
6.78099e+06
6.78099e+06
6.78099e+06
6.78099e+06
6.781e+06
6.781e+06
6.781e+06
6.781e+06
6.781e+06
6.781e+06
6.78101e+06
6.78101e+06
6.78101e+06
6.78101e+06
6.78101e+06
6.78102e+06
6.78102e+06
6.78102e+06
6.78102e+06
6.78102e+06
6.78102e+06
6.78103e+06
6.78103e+06
6.78103e+06
6.78103e+06
6.78103e+06
6.78104e+06
6.78104e+06
6.78104e+06
6.78104e+06
6.78104e+06
6.78105e+06
6.78105e+06
6.78105e+06
6.78105e+06
6.78105e+06
6.78105e+06
6.78106e+06
6.78106e+06
6.78106e+06
6.78106e+06
6.78106e+06
6.78107e+06
6.78107e+06
6.78107e+06
6.78107e+06
6.78107e+06
6.78108e+06
6.78108e+06
6.78108e+06
6.78108e+06
6.78108e+06
6.78108e+06
6.78109e+06
6.78109e+06
6.78109e+06
6.78109e+06
6.78109e+06
6.7811e+06
6.7811e+06
6.7811e+06
6.7811e+06
6.7811e+06
6.78111e+06
6.78111e+06
6.78111e+06
6.78111e+06
6.78111e+06
6.78111e+06
6.78112e+06
6.78112e+06
6.78112e+06
6.78112e+06
6.78112e+06
6.78113e+06
6.78113e+06
6.78113e+06
6.78113e+06
6.78113e+06
6.78113e+06
6.78114e+06
6.78114e+06
6.78114e+06
6.78114e+06
6.78114e+06
6.78115e+06
6.78115e+06
6.78115e+06
6.78115e+06
6.78115e+06
6.78116e+06
6.78116e+06
6.78116e+06
6.78116e+06
6.78116e+06
6.78116e+06
6.78117e+06
6.78117e+06
6.78117e+06
6.78117e+06
6.78117e+06
6.78118e+06
6.78118e+06
6.78118e+06
6.78118e+06
6.78118e+06
6.78119e+06
6.78119e+06
6.78119e+06
6.78119e+06
6.78119e+06
6.78119e+06
6.7812e+06
6.7812e+06
6.7812e+06
6.7812e+06
6.7812e+06
6.78121e+06
6.78121e+06
6.78121e+06
6.78121e+06
6.78121e+06
6.78122e+06
6.78122e+06
6.78122e+06
6.78122e+06
6.78122e+06
6.78122e+06
6.78123e+06
6.78123e+06
6.78123e+06
6.78123e+06
6.78123e+06
6.78124e+06
6.78124e+06
6.78124e+06
6.78124e+06
6.78124e+06
6.78125e+06
6.78125e+06
6.78125e+06
6.78125e+06
6.78125e+06
6.78125e+06
6.78126e+06
6.78126e+06
6.78126e+06
6.78126e+06
6.78126e+06
6.78127e+06
6.78127e+06
6.78127e+06
6.78127e+06
6.78127e+06
6.78128e+06
6.78128e+06
6.78128e+06
6.78128e+06
6.78128e+06
6.78128e+06
6.78129e+06
6.78129e+06
6.78129e+06
6.78129e+06
6.78129e+06
6.7813e+06
6.7813e+06
6.7813e+06
6.7813e+06
6.7813e+06
6.7813e+06
6.78131e+06
6.78131e+06
6.78131e+06
6.78131e+06
6.78131e+06
6.78132e+06
6.78132e+06
6.78132e+06
6.78132e+06
6.78132e+06
6.78133e+06
6.78133e+06
6.78133e+06
6.78133e+06
6.78133e+06
6.78133e+06
6.78134e+06
6.78134e+06
6.78134e+06
6.78134e+06
6.78134e+06
6.78135e+06
6.78135e+06
6.78135e+06
6.78135e+06
6.78135e+06
6.78136e+06
6.78136e+06
6.78136e+06
6.78136e+06
6.78136e+06
6.78136e+06
6.78137e+06
6.78137e+06
6.78137e+06
6.78137e+06
6.78137e+06
6.78138e+06
6.78138e+06
6.78138e+06
6.78138e+06
6.78138e+06
6.78139e+06
6.78139e+06
6.78139e+06
6.78139e+06
6.78139e+06
6.78139e+06
6.7814e+06
6.7814e+06
6.7814e+06
6.7814e+06
6.7814e+06
6.78141e+06
6.78141e+06
6.78141e+06
6.78141e+06
6.78141e+06
6.78142e+06
6.78142e+06
6.78142e+06
6.78142e+06
6.78142e+06
6.78142e+06
6.78143e+06
6.78143e+06
6.78143e+06
6.78143e+06
6.78143e+06
6.78144e+06
6.78144e+06
6.78144e+06
6.78144e+06
6.78144e+06
6.78145e+06
6.78145e+06
6.78145e+06
6.78145e+06
6.78145e+06
6.78145e+06
6.78146e+06
6.78146e+06
6.78146e+06
6.78146e+06
6.78146e+06
6.78147e+06
6.78147e+06
6.78147e+06
6.78147e+06
6.78147e+06
6.78148e+06
6.78148e+06
6.78148e+06
6.78148e+06
6.78148e+06
6.78148e+06
6.78149e+06
6.78149e+06
6.78149e+06
6.78149e+06
6.78149e+06
6.7815e+06
6.7815e+06
6.7815e+06
6.7815e+06
6.7815e+06
6.78151e+06
6.78151e+06
6.78151e+06
6.78151e+06
6.78151e+06
6.78151e+06
6.78152e+06
6.78152e+06
6.78152e+06
6.78152e+06
6.78152e+06
6.78153e+06
6.78153e+06
6.78153e+06
6.78153e+06
6.78153e+06
6.78154e+06
6.78154e+06
6.78154e+06
6.78154e+06
6.78154e+06
6.78154e+06
6.78155e+06
6.78155e+06
6.78155e+06
6.78155e+06
6.78155e+06
6.78156e+06
6.78156e+06
6.78156e+06
6.78156e+06
6.78156e+06
6.78157e+06
6.78157e+06
6.78157e+06
6.78157e+06
6.78157e+06
6.78157e+06
6.78158e+06
6.78158e+06
6.78158e+06
6.78158e+06
6.78158e+06
6.78159e+06
6.78159e+06
6.78159e+06
6.78159e+06
6.78159e+06
6.7816e+06
6.7816e+06
6.7816e+06
6.7816e+06
6.7816e+06
6.78161e+06
6.78161e+06
6.78161e+06
6.78161e+06
6.78161e+06
6.78161e+06
6.78162e+06
6.78162e+06
6.78162e+06
6.78162e+06
6.78162e+06
6.78163e+06
6.78163e+06
6.78163e+06
6.78163e+06
6.78163e+06
6.78164e+06
6.78164e+06
6.78164e+06
6.78164e+06
6.78164e+06
6.78164e+06
6.78165e+06
6.78165e+06
6.78165e+06
6.78165e+06
6.78165e+06
6.78166e+06
6.78166e+06
6.78166e+06
6.78166e+06
6.78166e+06
6.78167e+06
6.78167e+06
6.78167e+06
6.78167e+06
6.78167e+06
6.78167e+06
6.78168e+06
6.78168e+06
6.78168e+06
6.78168e+06
6.78168e+06
6.78169e+06
6.78169e+06
6.78169e+06
6.78169e+06
6.78169e+06
6.7817e+06
6.7817e+06
6.7817e+06
6.7817e+06
6.7817e+06
6.7817e+06
6.78171e+06
6.78171e+06
6.78171e+06
6.78171e+06
6.78171e+06
6.78172e+06
6.78172e+06
6.78172e+06
6.78172e+06
6.78172e+06
6.78173e+06
6.78173e+06
6.78173e+06
6.78173e+06
6.78173e+06
6.78173e+06
6.78174e+06
6.78174e+06
6.78174e+06
6.78174e+06
6.78174e+06
6.78175e+06
6.78175e+06
6.78175e+06
6.78175e+06
6.78175e+06
6.78176e+06
6.78176e+06
6.78176e+06
6.78176e+06
6.78176e+06
6.78177e+06
6.78177e+06
6.78177e+06
6.78177e+06
6.78177e+06
6.78177e+06
6.78178e+06
6.78178e+06
6.78178e+06
6.78178e+06
6.78178e+06
6.78179e+06
6.78179e+06
6.78179e+06
6.78179e+06
6.78179e+06
6.7818e+06
6.7818e+06
6.7818e+06
6.7818e+06
6.7818e+06
6.7818e+06
6.78181e+06
6.78181e+06
6.78181e+06
6.78181e+06
6.78181e+06
6.78182e+06
6.78182e+06
6.78182e+06
6.78182e+06
6.78182e+06
6.78183e+06
6.78183e+06
6.78183e+06
6.78183e+06
6.78183e+06
6.78183e+06
6.78184e+06
6.78184e+06
6.78184e+06
6.78184e+06
6.78184e+06
6.78185e+06
6.78185e+06
6.78185e+06
6.78185e+06
6.78185e+06
6.78186e+06
6.78186e+06
6.78186e+06
6.78186e+06
6.78186e+06
6.78186e+06
6.78187e+06
6.78187e+06
6.78187e+06
6.78187e+06
6.78187e+06
6.78188e+06
6.78188e+06
6.78188e+06
6.78188e+06
6.78188e+06
6.78189e+06
6.78189e+06
6.78189e+06
6.78189e+06
6.78189e+06
6.7819e+06
6.7819e+06
6.7819e+06
6.7819e+06
6.7819e+06
6.7819e+06
6.78191e+06
6.78191e+06
6.78191e+06
6.78191e+06
6.78191e+06
6.78192e+06
6.78192e+06
6.78192e+06
6.78192e+06
6.78192e+06
6.78193e+06
6.78193e+06
6.78193e+06
6.78193e+06
6.78193e+06
6.78193e+06
6.78194e+06
6.78194e+06
6.78194e+06
6.78194e+06
6.78194e+06
6.78195e+06
6.78195e+06
6.78195e+06
6.78195e+06
6.78195e+06
6.78196e+06
6.78196e+06
6.78196e+06
6.78196e+06
6.78196e+06
6.78196e+06
6.78197e+06
6.78197e+06
6.78197e+06
6.78197e+06
6.78197e+06
6.78198e+06
6.78198e+06
6.78198e+06
6.78198e+06
6.78198e+06
6.78199e+06
6.78199e+06
6.78199e+06
6.78199e+06
6.78199e+06
6.782e+06
6.782e+06
6.782e+06
6.782e+06
6.782e+06
6.782e+06
6.78201e+06
6.78201e+06
6.78201e+06
6.78201e+06
6.78201e+06
6.78202e+06
6.78202e+06
6.78202e+06
6.78202e+06
6.78202e+06
6.78203e+06
6.78203e+06
6.78203e+06
6.78203e+06
6.78203e+06
6.78203e+06
6.78204e+06
6.78204e+06
6.78204e+06
6.78204e+06
6.78204e+06
6.78205e+06
6.78205e+06
6.78205e+06
6.78205e+06
6.78205e+06
6.78206e+06
6.78206e+06
6.78206e+06
6.78206e+06
6.78206e+06
6.78207e+06
6.78207e+06
6.78207e+06
6.78207e+06
6.78207e+06
6.78207e+06
6.78208e+06
6.78208e+06
6.78208e+06
6.78208e+06
6.78208e+06
6.78209e+06
6.78209e+06
6.78209e+06
6.78209e+06
6.78209e+06
6.7821e+06
6.7821e+06
6.7821e+06
6.7821e+06
6.7821e+06
6.7821e+06
6.78211e+06
6.78211e+06
6.78211e+06
6.78211e+06
6.78211e+06
6.78212e+06
6.78212e+06
6.78212e+06
6.78212e+06
6.78212e+06
6.78213e+06
6.78213e+06
6.78213e+06
6.78213e+06
6.78213e+06
6.78213e+06
6.78214e+06
6.78214e+06
6.78214e+06
6.78214e+06
6.78214e+06
6.78215e+06
6.78215e+06
6.78215e+06
6.78215e+06
6.78215e+06
6.78216e+06
6.78216e+06
6.78216e+06
6.78216e+06
6.78216e+06
6.78217e+06
6.78217e+06
6.78217e+06
6.78217e+06
6.78217e+06
6.78217e+06
6.78218e+06
6.78218e+06
6.78218e+06
6.78218e+06
6.78218e+06
6.78219e+06
6.78219e+06
6.78219e+06
6.78219e+06
6.78219e+06
6.7822e+06
6.7822e+06
6.7822e+06
6.7822e+06
6.7822e+06
6.7822e+06
6.78221e+06
6.78221e+06
6.78221e+06
6.78221e+06
6.78221e+06
6.78222e+06
6.78222e+06
6.78222e+06
6.78222e+06
6.78222e+06
6.78223e+06
6.78223e+06
6.78223e+06
6.78223e+06
6.78223e+06
6.78224e+06
6.78224e+06
6.78224e+06
6.78224e+06
6.78224e+06
6.78224e+06
6.78225e+06
6.78225e+06
6.78225e+06
6.78225e+06
6.78225e+06
6.78226e+06
6.78226e+06
6.78226e+06
6.78226e+06
6.78226e+06
6.78227e+06
6.78227e+06
6.78227e+06
6.78227e+06
6.78227e+06
6.78227e+06
6.78228e+06
6.78228e+06
6.78228e+06
6.78228e+06
6.78228e+06
6.78229e+06
6.78229e+06
6.78229e+06
6.78229e+06
6.78229e+06
6.7823e+06
6.7823e+06
6.7823e+06
6.7823e+06
6.7823e+06
6.78231e+06
6.78231e+06
6.78231e+06
6.78231e+06
6.78231e+06
6.78231e+06
6.78232e+06
6.78232e+06
6.78232e+06
6.78232e+06
6.78232e+06
6.78233e+06
6.78233e+06
6.78233e+06
6.78233e+06
6.78233e+06
6.78234e+06
6.78234e+06
6.78234e+06
6.78234e+06
6.78234e+06
6.78235e+06
6.78235e+06
6.78235e+06
6.78235e+06
6.78235e+06
6.78235e+06
6.78236e+06
6.78236e+06
6.78236e+06
6.78236e+06
6.78236e+06
6.78237e+06
6.78237e+06
6.78237e+06
6.78237e+06
6.78237e+06
6.78238e+06
6.78238e+06
6.78238e+06
6.78238e+06
6.78238e+06
6.78238e+06
6.78239e+06
6.78239e+06
6.78239e+06
6.78239e+06
6.78239e+06
6.7824e+06
6.7824e+06
6.7824e+06
6.7824e+06
6.7824e+06
6.78241e+06
6.78241e+06
6.78241e+06
6.78241e+06
6.78241e+06
6.78242e+06
6.78242e+06
6.78242e+06
6.78242e+06
6.78242e+06
6.78242e+06
6.78243e+06
6.78243e+06
6.78243e+06
6.78243e+06
6.78243e+06
6.78244e+06
6.78244e+06
6.78244e+06
6.78244e+06
6.78244e+06
6.78245e+06
6.78245e+06
6.78245e+06
6.78245e+06
6.78245e+06
6.78245e+06
6.78246e+06
6.78246e+06
6.78246e+06
6.78246e+06
6.78246e+06
6.78247e+06
6.78247e+06
6.78247e+06
6.78247e+06
6.78247e+06
6.78248e+06
6.78248e+06
6.78248e+06
6.78248e+06
6.78248e+06
6.78249e+06
6.78249e+06
6.78249e+06
6.78249e+06
6.78249e+06
6.78249e+06
6.7825e+06
6.7825e+06
6.7825e+06
6.7825e+06
6.7825e+06
6.78251e+06
6.78251e+06
6.78251e+06
6.78251e+06
6.78251e+06
6.78252e+06
6.78252e+06
6.78252e+06
6.78252e+06
6.78252e+06
6.78253e+06
6.78253e+06
6.78253e+06
6.78253e+06
6.78253e+06
6.78253e+06
6.78254e+06
6.78254e+06
6.78254e+06
6.78254e+06
6.78254e+06
6.78255e+06
6.78255e+06
6.78255e+06
6.78255e+06
6.78255e+06
6.78256e+06
6.78256e+06
6.78256e+06
6.78256e+06
6.78256e+06
6.78256e+06
6.78257e+06
6.78257e+06
6.78257e+06
6.78257e+06
6.78257e+06
6.78258e+06
6.78258e+06
6.78258e+06
6.78258e+06
6.78258e+06
6.78259e+06
6.78259e+06
6.78259e+06
6.78259e+06
6.78259e+06
6.7826e+06
6.7826e+06
6.7826e+06
6.7826e+06
6.7826e+06
6.7826e+06
6.78261e+06
6.78261e+06
6.78261e+06
6.78261e+06
6.78261e+06
6.78262e+06
6.78262e+06
6.78262e+06
6.78262e+06
6.78262e+06
6.78263e+06
6.78263e+06
6.78263e+06
6.78263e+06
6.78263e+06
6.78264e+06
6.78264e+06
6.78264e+06
6.78264e+06
6.78264e+06
6.78264e+06
6.78265e+06
6.78265e+06
6.78265e+06
6.78265e+06
6.78265e+06
6.78266e+06
6.78266e+06
6.78266e+06
6.78266e+06
6.78266e+06
6.78267e+06
6.78267e+06
6.78267e+06
6.78267e+06
6.78267e+06
6.78267e+06
6.78268e+06
6.78268e+06
6.78268e+06
6.78268e+06
6.78268e+06
6.78269e+06
6.78269e+06
6.78269e+06
6.78269e+06
6.78269e+06
6.7827e+06
6.7827e+06
6.7827e+06
6.7827e+06
6.7827e+06
6.78271e+06
6.78271e+06
6.78271e+06
6.78271e+06
6.78271e+06
6.78271e+06
6.78272e+06
6.78272e+06
6.78272e+06
6.78272e+06
6.78272e+06
6.78273e+06
6.78273e+06
6.78273e+06
6.78273e+06
6.78273e+06
6.78274e+06
6.78274e+06
6.78274e+06
6.78274e+06
6.78274e+06
6.78275e+06
6.78275e+06
6.78275e+06
6.78275e+06
6.78275e+06
6.78275e+06
6.78276e+06
6.78276e+06
6.78276e+06
6.78276e+06
6.78276e+06
6.78277e+06
6.78277e+06
6.78277e+06
6.78277e+06
6.78277e+06
6.78278e+06
6.78278e+06
6.78278e+06
6.78278e+06
6.78278e+06
6.78278e+06
6.78279e+06
6.78279e+06
6.78279e+06
6.78279e+06
6.78279e+06
6.7828e+06
6.7828e+06
6.7828e+06
6.7828e+06
6.7828e+06
6.78281e+06
6.78281e+06
6.78281e+06
6.78281e+06
6.78281e+06
6.78282e+06
6.78282e+06
6.78282e+06
6.78282e+06
6.78282e+06
6.78282e+06
6.78283e+06
6.78283e+06
6.78283e+06
6.78283e+06
6.78283e+06
6.78284e+06
6.78284e+06
6.78284e+06
6.78284e+06
6.78284e+06
6.78285e+06
6.78285e+06
6.78285e+06
6.78285e+06
6.78285e+06
6.78286e+06
6.78286e+06
6.78286e+06
6.78286e+06
6.78286e+06
6.78286e+06
6.78287e+06
6.78287e+06
6.78287e+06
6.78287e+06
6.78287e+06
6.78288e+06
6.78288e+06
6.78288e+06
6.78288e+06
6.78288e+06
6.78289e+06
6.78289e+06
6.78289e+06
6.78289e+06
6.78289e+06
6.7829e+06
6.7829e+06
6.7829e+06
6.7829e+06
6.7829e+06
6.7829e+06
6.78291e+06
6.78291e+06
6.78291e+06
6.78291e+06
6.78291e+06
6.78292e+06
6.78292e+06
6.78292e+06
6.78292e+06
6.78292e+06
6.78293e+06
6.78293e+06
6.78293e+06
6.78293e+06
6.78293e+06
6.78293e+06
6.78294e+06
6.78294e+06
6.78294e+06
6.78294e+06
6.78294e+06
6.78295e+06
6.78295e+06
6.78295e+06
6.78295e+06
6.78295e+06
6.78296e+06
6.78296e+06
6.78296e+06
6.78296e+06
6.78296e+06
6.78297e+06
6.78297e+06
6.78297e+06
6.78297e+06
6.78297e+06
6.78297e+06
6.78298e+06
6.78298e+06
6.78298e+06
6.78298e+06
6.78298e+06
6.78299e+06
6.78299e+06
6.78299e+06
6.78299e+06
6.78299e+06
6.783e+06
6.783e+06
6.783e+06
6.783e+06
6.783e+06
6.78301e+06
6.78301e+06
6.78301e+06
6.78301e+06
6.78301e+06
6.78301e+06
6.78302e+06
6.78302e+06
6.78302e+06
6.78302e+06
6.78302e+06
6.78303e+06
6.78303e+06
6.78303e+06
6.78303e+06
6.78303e+06
6.78304e+06
6.78304e+06
6.78304e+06
6.78304e+06
6.78304e+06
6.78305e+06
6.78305e+06
6.78305e+06
6.78305e+06
6.78305e+06
6.78305e+06
6.78306e+06
6.78306e+06
6.78306e+06
6.78306e+06
6.78306e+06
6.78307e+06
6.78307e+06
6.78307e+06
6.78307e+06
6.78307e+06
6.78308e+06
6.78308e+06
6.78308e+06
6.78308e+06
6.78308e+06
6.78308e+06
6.78309e+06
6.78309e+06
6.78309e+06
6.78309e+06
6.78309e+06
6.7831e+06
6.7831e+06
6.7831e+06
6.7831e+06
6.7831e+06
6.78311e+06
6.78311e+06
6.78311e+06
6.78311e+06
6.78311e+06
6.78312e+06
6.78312e+06
6.78312e+06
6.78312e+06
6.78312e+06
6.78312e+06
6.78313e+06
6.78313e+06
6.78313e+06
6.78313e+06
6.78313e+06
6.78314e+06
6.78314e+06
6.78314e+06
6.78314e+06
6.78314e+06
6.78315e+06
6.78315e+06
6.78315e+06
6.78315e+06
6.78315e+06
6.78316e+06
6.78316e+06
6.78316e+06
6.78316e+06
6.78316e+06
6.78316e+06
6.78317e+06
6.78317e+06
6.78317e+06
6.78317e+06
6.78317e+06
6.78318e+06
6.78318e+06
6.78318e+06
6.78318e+06
6.78318e+06
6.78319e+06
6.78319e+06
6.78319e+06
6.78319e+06
6.78319e+06
6.78319e+06
6.7832e+06
6.7832e+06
6.7832e+06
6.7832e+06
6.7832e+06
6.78321e+06
6.78321e+06
6.78321e+06
6.78321e+06
6.78321e+06
6.78322e+06
6.78322e+06
6.78322e+06
6.78322e+06
6.78322e+06
6.78323e+06
6.78323e+06
6.78323e+06
6.78323e+06
6.78323e+06
6.78323e+06
6.78324e+06
6.78324e+06
6.78324e+06
6.78324e+06
6.78324e+06
6.78325e+06
6.78325e+06
6.78325e+06
6.78325e+06
6.78325e+06
6.78326e+06
6.78326e+06
6.78326e+06
6.78326e+06
6.78326e+06
6.78327e+06
6.78327e+06
6.78327e+06
6.78327e+06
6.78327e+06
6.78327e+06
6.78328e+06
6.78328e+06
6.78328e+06
6.78328e+06
6.78328e+06
6.78329e+06
6.78329e+06
6.78329e+06
6.78329e+06
6.78329e+06
6.7833e+06
6.7833e+06
6.7833e+06
6.7833e+06
6.7833e+06
6.78331e+06
6.78331e+06
6.78331e+06
6.78331e+06
6.78331e+06
6.78331e+06
6.78332e+06
6.78332e+06
6.78332e+06
6.78332e+06
6.78332e+06
6.78333e+06
6.78333e+06
6.78333e+06
6.78333e+06
6.78333e+06
6.78334e+06
6.78334e+06
6.78334e+06
6.78334e+06
6.78334e+06
6.78334e+06
6.78335e+06
6.78335e+06
6.78335e+06
6.78335e+06
6.78335e+06
6.78336e+06
6.78336e+06
6.78336e+06
6.78336e+06
6.78336e+06
6.78337e+06
6.78337e+06
6.78337e+06
6.78337e+06
6.78337e+06
6.78338e+06
6.78338e+06
6.78338e+06
6.78338e+06
6.78338e+06
6.78338e+06
6.78339e+06
6.78339e+06
6.78339e+06
6.78339e+06
6.78339e+06
6.7834e+06
6.7834e+06
6.7834e+06
6.7834e+06
6.7834e+06
6.78341e+06
6.78341e+06
6.78341e+06
6.78341e+06
6.78341e+06
6.78342e+06
6.78342e+06
6.78342e+06
6.78342e+06
6.78342e+06
6.78342e+06
6.78343e+06
6.78343e+06
6.78343e+06
6.78343e+06
6.78343e+06
6.78344e+06
6.78344e+06
6.78344e+06
6.78344e+06
6.78344e+06
6.78345e+06
6.78345e+06
6.78345e+06
6.78345e+06
6.78345e+06
6.78345e+06
6.78346e+06
6.78346e+06
6.78346e+06
6.78346e+06
6.78346e+06
6.78347e+06
6.78347e+06
6.78347e+06
6.78347e+06
6.78347e+06
6.78348e+06
6.78348e+06
6.78348e+06
6.78348e+06
6.78348e+06
6.78349e+06
6.78349e+06
6.78349e+06
6.78349e+06
6.78349e+06
6.78349e+06
6.7835e+06
6.7835e+06
6.7835e+06
6.7835e+06
6.7835e+06
6.78351e+06
6.78351e+06
6.78351e+06
6.78351e+06
6.78351e+06
6.78352e+06
6.78352e+06
6.78352e+06
6.78352e+06
6.78352e+06
6.78353e+06
6.78353e+06
6.78353e+06
6.78353e+06
6.78353e+06
6.78353e+06
6.78354e+06
6.78354e+06
6.78354e+06
6.78354e+06
6.78354e+06
6.78355e+06
6.78355e+06
6.78355e+06
6.78355e+06
6.78355e+06
6.78356e+06
6.78356e+06
6.78356e+06
6.78356e+06
6.78356e+06
6.78356e+06
6.78357e+06
6.78357e+06
6.78357e+06
6.78357e+06
6.78357e+06
6.78358e+06
6.78358e+06
6.78358e+06
6.78358e+06
6.78358e+06
6.78359e+06
6.78359e+06
6.78359e+06
6.78359e+06
6.78359e+06
6.7836e+06
6.7836e+06
6.7836e+06
6.7836e+06
6.7836e+06
6.7836e+06
6.78361e+06
6.78361e+06
6.78361e+06
6.78361e+06
6.78361e+06
6.78362e+06
6.78362e+06
6.78362e+06
6.78362e+06
6.78362e+06
6.78363e+06
6.78363e+06
6.78363e+06
6.78363e+06
6.78363e+06
6.78364e+06
6.78364e+06
6.78364e+06
6.78364e+06
6.78364e+06
6.78364e+06
6.78365e+06
6.78365e+06
6.78365e+06
6.78365e+06
6.78365e+06
6.78366e+06
6.78366e+06
6.78366e+06
6.78366e+06
6.78366e+06
6.78367e+06
6.78367e+06
6.78367e+06
6.78367e+06
6.78367e+06
6.78367e+06
6.78368e+06
6.78368e+06
6.78368e+06
6.78368e+06
6.78368e+06
6.78369e+06
6.78369e+06
6.78369e+06
6.78369e+06
6.78369e+06
6.7837e+06
6.7837e+06
6.7837e+06
6.7837e+06
6.7837e+06
6.78371e+06
6.78371e+06
6.78371e+06
6.78371e+06
6.78371e+06
6.78371e+06
6.78372e+06
6.78372e+06
6.78372e+06
6.78372e+06
6.78372e+06
6.78373e+06
6.78373e+06
6.78373e+06
6.78373e+06
6.78373e+06
6.78374e+06
6.78374e+06
6.78374e+06
6.78374e+06
6.78374e+06
6.78374e+06
6.78375e+06
6.78375e+06
6.78375e+06
6.78375e+06
6.78375e+06
6.78376e+06
6.78376e+06
6.78376e+06
6.78376e+06
6.78376e+06
6.78377e+06
6.78377e+06
6.78377e+06
6.78377e+06
6.78377e+06
6.78378e+06
6.78378e+06
6.78378e+06
6.78378e+06
6.78378e+06
6.78378e+06
6.78379e+06
6.78379e+06
6.78379e+06
6.78379e+06
6.78379e+06
6.7838e+06
6.7838e+06
6.7838e+06
6.7838e+06
6.7838e+06
6.78381e+06
6.78381e+06
6.78381e+06
6.78381e+06
6.78381e+06
6.78381e+06
6.78382e+06
6.78382e+06
6.78382e+06
6.78382e+06
6.78382e+06
6.78383e+06
6.78383e+06
6.78383e+06
6.78383e+06
6.78383e+06
6.78384e+06
6.78384e+06
6.78384e+06
6.78384e+06
6.78384e+06
6.78385e+06
6.78385e+06
6.78385e+06
6.78385e+06
6.78385e+06
6.78385e+06
6.78386e+06
6.78386e+06
6.78386e+06
6.78386e+06
6.78386e+06
6.78387e+06
6.78387e+06
6.78387e+06
6.78387e+06
6.78387e+06
6.78388e+06
6.78388e+06
6.78388e+06
6.78388e+06
6.78388e+06
6.78388e+06
6.78389e+06
6.78389e+06
6.78389e+06
6.78389e+06
6.78389e+06
6.7839e+06
6.7839e+06
6.7839e+06
6.7839e+06
6.7839e+06
6.78391e+06
6.78391e+06
6.78391e+06
6.78391e+06
6.78391e+06
6.78392e+06
6.78392e+06
6.78392e+06
6.78392e+06
6.78392e+06
6.78392e+06
6.78393e+06
6.78393e+06
6.78393e+06
6.78393e+06
6.78393e+06
6.78394e+06
6.78394e+06
6.78394e+06
6.78394e+06
6.78394e+06
6.78395e+06
6.78395e+06
6.78395e+06
6.78395e+06
6.78395e+06
6.78395e+06
6.78396e+06
6.78396e+06
6.78396e+06
6.78396e+06
6.78396e+06
6.78397e+06
6.78397e+06
6.78397e+06
6.78397e+06
6.78397e+06
6.78398e+06
6.78398e+06
6.78398e+06
6.78398e+06
6.78398e+06
6.78399e+06
6.78399e+06
6.78399e+06
6.78399e+06
6.78399e+06
6.78399e+06
6.784e+06
6.784e+06
6.784e+06
6.784e+06
6.784e+06
6.78401e+06
6.78401e+06
6.78401e+06
6.78401e+06
6.78401e+06
6.78402e+06
6.78402e+06
6.78402e+06
6.78402e+06
6.78402e+06
6.78402e+06
6.78403e+06
6.78403e+06
6.78403e+06
6.78403e+06
6.78403e+06
6.78404e+06
6.78404e+06
6.78404e+06
6.78404e+06
6.78404e+06
6.78405e+06
6.78405e+06
6.78405e+06
6.78405e+06
6.78405e+06
6.78406e+06
6.78406e+06
6.78406e+06
6.78406e+06
6.78406e+06
6.78406e+06
6.78407e+06
6.78407e+06
6.78407e+06
6.78407e+06
6.78407e+06
6.78408e+06
6.78408e+06
6.78408e+06
6.78408e+06
6.78408e+06
6.78409e+06
6.78409e+06
6.78409e+06
6.78409e+06
6.78409e+06
6.78409e+06
6.7841e+06
6.7841e+06
6.7841e+06
6.7841e+06
6.7841e+06
6.78411e+06
6.78411e+06
6.78411e+06
6.78411e+06
6.78411e+06
6.78412e+06
6.78412e+06
6.78412e+06
6.78412e+06
6.78412e+06
6.78412e+06
6.78413e+06
6.78413e+06
6.78413e+06
6.78413e+06
6.78413e+06
6.78414e+06
6.78414e+06
6.78414e+06
6.78414e+06
6.78414e+06
6.78415e+06
6.78415e+06
6.78415e+06
6.78415e+06
6.78415e+06
6.78416e+06
6.78416e+06
6.78416e+06
6.78416e+06
6.78416e+06
6.78416e+06
6.78417e+06
6.78417e+06
6.78417e+06
6.78417e+06
6.78417e+06
6.78418e+06
6.78418e+06
6.78418e+06
6.78418e+06
6.78418e+06
6.78419e+06
6.78419e+06
6.78419e+06
6.78419e+06
6.78419e+06
6.78419e+06
6.7842e+06
6.7842e+06
6.7842e+06
6.7842e+06
6.7842e+06
6.78421e+06
6.78421e+06
6.78421e+06
6.78421e+06
6.78421e+06
6.78422e+06
6.78422e+06
6.78422e+06
6.78422e+06
6.78422e+06
6.78422e+06
6.78423e+06
6.78423e+06
6.78423e+06
6.78423e+06
6.78423e+06
6.78424e+06
6.78424e+06
6.78424e+06
6.78424e+06
6.78424e+06
6.78425e+06
6.78425e+06
6.78425e+06
6.78425e+06
6.78425e+06
6.78426e+06
6.78426e+06
6.78426e+06
6.78426e+06
6.78426e+06
6.78426e+06
6.78427e+06
6.78427e+06
6.78427e+06
6.78427e+06
6.78427e+06
6.78428e+06
6.78428e+06
6.78428e+06
6.78428e+06
6.78428e+06
6.78429e+06
6.78429e+06
6.78429e+06
6.78429e+06
6.78429e+06
6.78429e+06
6.7843e+06
6.7843e+06
6.7843e+06
6.7843e+06
6.7843e+06
6.78431e+06
6.78431e+06
6.78431e+06
6.78431e+06
6.78431e+06
6.78432e+06
6.78432e+06
6.78432e+06
6.78432e+06
6.78432e+06
6.78432e+06
6.78433e+06
6.78433e+06
6.78433e+06
6.78433e+06
6.78433e+06
6.78434e+06
6.78434e+06
6.78434e+06
6.78434e+06
6.78434e+06
6.78435e+06
6.78435e+06
6.78435e+06
6.78435e+06
6.78435e+06
6.78435e+06
6.78436e+06
6.78436e+06
6.78436e+06
6.78436e+06
6.78436e+06
6.78437e+06
6.78437e+06
6.78437e+06
6.78437e+06
6.78437e+06
6.78438e+06
6.78438e+06
6.78438e+06
6.78438e+06
6.78438e+06
6.78439e+06
6.78439e+06
6.78439e+06
6.78439e+06
6.78439e+06
6.78439e+06
6.7844e+06
6.7844e+06
6.7844e+06
6.7844e+06
6.7844e+06
6.78441e+06
6.78441e+06
6.78441e+06
6.78441e+06
6.78441e+06
6.78442e+06
6.78442e+06
6.78442e+06
6.78442e+06
6.78442e+06
6.78442e+06
6.78443e+06
6.78443e+06
6.78443e+06
6.78443e+06
6.78443e+06
6.78444e+06
6.78444e+06
6.78444e+06
6.78444e+06
6.78444e+06
6.78445e+06
6.78445e+06
6.78445e+06
6.78445e+06
6.78445e+06
6.78445e+06
6.78446e+06
6.78446e+06
6.78446e+06
6.78446e+06
6.78446e+06
6.78447e+06
6.78447e+06
6.78447e+06
6.78447e+06
6.78447e+06
6.78448e+06
6.78448e+06
6.78448e+06
6.78448e+06
6.78448e+06
6.78448e+06
6.78449e+06
6.78449e+06
6.78449e+06
6.78449e+06
6.78449e+06
6.7845e+06
6.7845e+06
6.7845e+06
6.7845e+06
6.7845e+06
6.78451e+06
6.78451e+06
6.78451e+06
6.78451e+06
6.78451e+06
6.78451e+06
6.78452e+06
6.78452e+06
6.78452e+06
6.78452e+06
6.78452e+06
6.78453e+06
6.78453e+06
6.78453e+06
6.78453e+06
6.78453e+06
6.78454e+06
6.78454e+06
6.78454e+06
6.78454e+06
6.78454e+06
6.78454e+06
6.78455e+06
6.78455e+06
6.78455e+06
6.78455e+06
6.78455e+06
6.78456e+06
6.78456e+06
6.78456e+06
6.78456e+06
6.78456e+06
6.78457e+06
6.78457e+06
6.78457e+06
6.78457e+06
6.78457e+06
6.78457e+06
6.78458e+06
6.78458e+06
6.78458e+06
6.78458e+06
6.78458e+06
6.78459e+06
6.78459e+06
6.78459e+06
6.78459e+06
6.78459e+06
6.7846e+06
6.7846e+06
6.7846e+06
6.7846e+06
6.7846e+06
6.7846e+06
6.78461e+06
6.78461e+06
6.78461e+06
6.78461e+06
6.78461e+06
6.78462e+06
6.78462e+06
6.78462e+06
6.78462e+06
6.78462e+06
6.78463e+06
6.78463e+06
6.78463e+06
6.78463e+06
6.78463e+06
6.78463e+06
6.78464e+06
6.78464e+06
6.78464e+06
6.78464e+06
6.78464e+06
6.78465e+06
6.78465e+06
6.78465e+06
6.78465e+06
6.78465e+06
6.78466e+06
6.78466e+06
6.78466e+06
6.78466e+06
6.78466e+06
6.78466e+06
6.78467e+06
6.78467e+06
6.78467e+06
6.78467e+06
6.78467e+06
6.78468e+06
6.78468e+06
6.78468e+06
6.78468e+06
6.78468e+06
6.78469e+06
6.78469e+06
6.78469e+06
6.78469e+06
6.78469e+06
6.78469e+06
6.7847e+06
6.7847e+06
6.7847e+06
6.7847e+06
6.7847e+06
6.78471e+06
6.78471e+06
6.78471e+06
6.78471e+06
6.78471e+06
6.78472e+06
6.78472e+06
6.78472e+06
6.78472e+06
6.78472e+06
6.78472e+06
6.78473e+06
6.78473e+06
6.78473e+06
6.78473e+06
6.78473e+06
6.78474e+06
6.78474e+06
6.78474e+06
6.78474e+06
6.78474e+06
6.78475e+06
6.78475e+06
6.78475e+06
6.78475e+06
6.78475e+06
6.78475e+06
6.78476e+06
6.78476e+06
6.78476e+06
6.78476e+06
6.78476e+06
6.78477e+06
6.78477e+06
6.78477e+06
6.78477e+06
6.78477e+06
6.78478e+06
6.78478e+06
6.78478e+06
6.78478e+06
6.78478e+06
6.78478e+06
6.78479e+06
6.78479e+06
6.78479e+06
6.78479e+06
6.78479e+06
6.7848e+06
6.7848e+06
6.7848e+06
6.7848e+06
6.7848e+06
6.78481e+06
6.78481e+06
6.78481e+06
6.78481e+06
6.78481e+06
6.78481e+06
6.78482e+06
6.78482e+06
6.78482e+06
6.78482e+06
6.78482e+06
6.78483e+06
6.78483e+06
6.78483e+06
6.78483e+06
6.78483e+06
6.78484e+06
6.78484e+06
6.78484e+06
6.78484e+06
6.78484e+06
6.78484e+06
6.78485e+06
6.78485e+06
6.78485e+06
6.78485e+06
6.78485e+06
6.78486e+06
6.78486e+06
6.78486e+06
6.78486e+06
6.78486e+06
6.78487e+06
6.78487e+06
6.78487e+06
6.78487e+06
6.78487e+06
6.78487e+06
6.78488e+06
6.78488e+06
6.78488e+06
6.78488e+06
6.78488e+06
6.78489e+06
6.78489e+06
6.78489e+06
6.78489e+06
6.78489e+06
6.7849e+06
6.7849e+06
6.7849e+06
6.7849e+06
6.7849e+06
6.7849e+06
6.78491e+06
6.78491e+06
6.78491e+06
6.78491e+06
6.78491e+06
6.78492e+06
6.78492e+06
6.78492e+06
6.78492e+06
6.78492e+06
6.78492e+06
6.78493e+06
6.78493e+06
6.78493e+06
6.78493e+06
6.78493e+06
6.78494e+06
6.78494e+06
6.78494e+06
6.78494e+06
6.78494e+06
6.78495e+06
6.78495e+06
6.78495e+06
6.78495e+06
6.78495e+06
6.78495e+06
6.78496e+06
6.78496e+06
6.78496e+06
6.78496e+06
6.78496e+06
6.78497e+06
6.78497e+06
6.78497e+06
6.78497e+06
6.78497e+06
6.78498e+06
6.78498e+06
6.78498e+06
6.78498e+06
6.78498e+06
6.78498e+06
6.78499e+06
6.78499e+06
6.78499e+06
6.78499e+06
6.78499e+06
6.785e+06
6.785e+06
6.785e+06
6.785e+06
6.785e+06
6.78501e+06
6.78501e+06
6.78501e+06
6.78501e+06
6.78501e+06
6.78501e+06
6.78502e+06
6.78502e+06
6.78502e+06
6.78502e+06
6.78502e+06
6.78503e+06
6.78503e+06
6.78503e+06
6.78503e+06
6.78503e+06
6.78503e+06
6.78504e+06
6.78504e+06
6.78504e+06
6.78504e+06
6.78504e+06
6.78505e+06
6.78505e+06
6.78505e+06
6.78505e+06
6.78505e+06
6.78506e+06
6.78506e+06
6.78506e+06
6.78506e+06
6.78506e+06
6.78506e+06
6.78507e+06
6.78507e+06
6.78507e+06
6.78507e+06
6.78507e+06
6.78508e+06
6.78508e+06
6.78508e+06
6.78508e+06
6.78508e+06
6.78509e+06
6.78509e+06
6.78509e+06
6.78509e+06
6.78509e+06
6.78509e+06
6.7851e+06
6.7851e+06
6.7851e+06
6.7851e+06
6.7851e+06
6.78511e+06
6.78511e+06
6.78511e+06
6.78511e+06
6.78511e+06
6.78511e+06
6.78512e+06
6.78512e+06
6.78512e+06
6.78512e+06
6.78512e+06
6.78513e+06
6.78513e+06
6.78513e+06
6.78513e+06
6.78513e+06
6.78514e+06
6.78514e+06
6.78514e+06
6.78514e+06
6.78514e+06
6.78514e+06
6.78515e+06
6.78515e+06
6.78515e+06
6.78515e+06
6.78515e+06
6.78516e+06
6.78516e+06
6.78516e+06
6.78516e+06
6.78516e+06
6.78517e+06
6.78517e+06
6.78517e+06
6.78517e+06
6.78517e+06
6.78517e+06
6.78518e+06
6.78518e+06
6.78518e+06
6.78518e+06
6.78518e+06
6.78519e+06
6.78519e+06
6.78519e+06
6.78519e+06
6.78519e+06
6.78519e+06
6.7852e+06
6.7852e+06
6.7852e+06
6.7852e+06
6.7852e+06
6.78521e+06
6.78521e+06
6.78521e+06
6.78521e+06
6.78521e+06
6.78522e+06
6.78522e+06
6.78522e+06
6.78522e+06
6.78522e+06
6.78522e+06
6.78523e+06
6.78523e+06
6.78523e+06
6.78523e+06
6.78523e+06
6.78524e+06
6.78524e+06
6.78524e+06
6.78524e+06
6.78524e+06
6.78524e+06
6.78525e+06
6.78525e+06
6.78525e+06
6.78525e+06
6.78525e+06
6.78526e+06
6.78526e+06
6.78526e+06
6.78526e+06
6.78526e+06
6.78527e+06
6.78527e+06
6.78527e+06
6.78527e+06
6.78527e+06
6.78527e+06
6.78528e+06
6.78528e+06
6.78528e+06
6.78528e+06
6.78528e+06
6.78529e+06
6.78529e+06
6.78529e+06
6.78529e+06
6.78529e+06
6.78529e+06
6.7853e+06
6.7853e+06
6.7853e+06
6.7853e+06
6.7853e+06
6.78531e+06
6.78531e+06
6.78531e+06
6.78531e+06
6.78531e+06
6.78532e+06
6.78532e+06
6.78532e+06
6.78532e+06
6.78532e+06
6.78532e+06
6.78533e+06
6.78533e+06
6.78533e+06
6.78533e+06
6.78533e+06
6.78534e+06
6.78534e+06
6.78534e+06
6.78534e+06
6.78534e+06
6.78534e+06
6.78535e+06
6.78535e+06
6.78535e+06
6.78535e+06
6.78535e+06
6.78536e+06
6.78536e+06
6.78536e+06
6.78536e+06
6.78536e+06
6.78537e+06
6.78537e+06
6.78537e+06
6.78537e+06
6.78537e+06
6.78537e+06
6.78538e+06
6.78538e+06
6.78538e+06
6.78538e+06
6.78538e+06
6.78539e+06
6.78539e+06
6.78539e+06
6.78539e+06
6.78539e+06
6.78539e+06
6.7854e+06
6.7854e+06
6.7854e+06
6.7854e+06
6.7854e+06
6.78541e+06
6.78541e+06
6.78541e+06
6.78541e+06
6.78541e+06
6.78542e+06
6.78542e+06
6.78542e+06
6.78542e+06
6.78542e+06
6.78542e+06
6.78543e+06
6.78543e+06
6.78543e+06
6.78543e+06
6.78543e+06
6.78544e+06
6.78544e+06
6.78544e+06
6.78544e+06
6.78544e+06
6.78544e+06
6.78545e+06
6.78545e+06
6.78545e+06
6.78545e+06
6.78545e+06
6.78546e+06
6.78546e+06
6.78546e+06
6.78546e+06
6.78546e+06
6.78546e+06
6.78547e+06
6.78547e+06
6.78547e+06
6.78547e+06
6.78547e+06
6.78548e+06
6.78548e+06
6.78548e+06
6.78548e+06
6.78548e+06
6.78549e+06
6.78549e+06
6.78549e+06
6.78549e+06
6.78549e+06
6.78549e+06
6.7855e+06
6.7855e+06
6.7855e+06
6.7855e+06
6.7855e+06
6.78551e+06
6.78551e+06
6.78551e+06
6.78551e+06
6.78551e+06
6.78551e+06
6.78552e+06
6.78552e+06
6.78552e+06
6.78552e+06
6.78552e+06
6.78553e+06
6.78553e+06
6.78553e+06
6.78553e+06
6.78553e+06
6.78553e+06
6.78554e+06
6.78554e+06
6.78554e+06
6.78554e+06
6.78554e+06
6.78555e+06
6.78555e+06
6.78555e+06
6.78555e+06
6.78555e+06
6.78556e+06
6.78556e+06
6.78556e+06
6.78556e+06
6.78556e+06
6.78556e+06
6.78557e+06
6.78557e+06
6.78557e+06
6.78557e+06
6.78557e+06
6.78558e+06
6.78558e+06
6.78558e+06
6.78558e+06
6.78558e+06
6.78558e+06
6.78559e+06
6.78559e+06
6.78559e+06
6.78559e+06
6.78559e+06
6.7856e+06
6.7856e+06
6.7856e+06
6.7856e+06
6.7856e+06
6.7856e+06
6.78561e+06
6.78561e+06
6.78561e+06
6.78561e+06
6.78561e+06
6.78562e+06
6.78562e+06
6.78562e+06
6.78562e+06
6.78562e+06
6.78563e+06
6.78563e+06
6.78563e+06
6.78563e+06
6.78563e+06
6.78563e+06
6.78564e+06
6.78564e+06
6.78564e+06
6.78564e+06
6.78564e+06
6.78565e+06
6.78565e+06
6.78565e+06
6.78565e+06
6.78565e+06
6.78565e+06
6.78566e+06
6.78566e+06
6.78566e+06
6.78566e+06
6.78566e+06
6.78567e+06
6.78567e+06
6.78567e+06
6.78567e+06
6.78567e+06
6.78567e+06
6.78568e+06
6.78568e+06
6.78568e+06
6.78568e+06
6.78568e+06
6.78569e+06
6.78569e+06
6.78569e+06
6.78569e+06
6.78569e+06
6.78569e+06
6.7857e+06
6.7857e+06
6.7857e+06
6.7857e+06
6.7857e+06
6.78571e+06
6.78571e+06
6.78571e+06
6.78571e+06
6.78571e+06
6.78571e+06
6.78572e+06
6.78572e+06
6.78572e+06
6.78572e+06
6.78572e+06
6.78573e+06
6.78573e+06
6.78573e+06
6.78573e+06
6.78573e+06
6.78574e+06
6.78574e+06
6.78574e+06
6.78574e+06
6.78574e+06
6.78574e+06
6.78575e+06
6.78575e+06
6.78575e+06
6.78575e+06
6.78575e+06
6.78576e+06
6.78576e+06
6.78576e+06
6.78576e+06
6.78576e+06
6.78576e+06
6.78577e+06
6.78577e+06
6.78577e+06
6.78577e+06
6.78577e+06
6.78578e+06
6.78578e+06
6.78578e+06
6.78578e+06
6.78578e+06
6.78578e+06
6.78579e+06
6.78579e+06
6.78579e+06
6.78579e+06
6.78579e+06
6.7858e+06
6.7858e+06
6.7858e+06
6.7858e+06
6.7858e+06
6.7858e+06
6.78581e+06
6.78581e+06
6.78581e+06
6.78581e+06
6.78581e+06
6.78582e+06
6.78582e+06
6.78582e+06
6.78582e+06
6.78582e+06
6.78582e+06
6.78583e+06
6.78583e+06
6.78583e+06
6.78583e+06
6.78583e+06
6.78584e+06
6.78584e+06
6.78584e+06
6.78584e+06
6.78584e+06
6.78584e+06
6.78585e+06
6.78585e+06
6.78585e+06
6.78585e+06
6.78585e+06
6.78586e+06
6.78586e+06
6.78586e+06
6.78586e+06
6.78586e+06
6.78586e+06
6.78587e+06
6.78587e+06
6.78587e+06
6.78587e+06
6.78587e+06
6.78588e+06
6.78588e+06
6.78588e+06
6.78588e+06
6.78588e+06
6.78589e+06
6.78589e+06
6.78589e+06
6.78589e+06
6.78589e+06
6.78589e+06
6.7859e+06
6.7859e+06
6.7859e+06
6.7859e+06
6.7859e+06
6.78591e+06
6.78591e+06
6.78591e+06
6.78591e+06
6.78591e+06
6.78591e+06
6.78592e+06
6.78592e+06
6.78592e+06
6.78592e+06
6.78592e+06
6.78593e+06
6.78593e+06
6.78593e+06
6.78593e+06
6.78593e+06
6.78593e+06
6.78594e+06
6.78594e+06
6.78594e+06
6.78594e+06
6.78594e+06
6.78595e+06
6.78595e+06
6.78595e+06
6.78595e+06
6.78595e+06
6.78595e+06
6.78596e+06
6.78596e+06
6.78596e+06
6.78596e+06
6.78596e+06
6.78597e+06
6.78597e+06
6.78597e+06
6.78597e+06
6.78597e+06
6.78597e+06
6.78598e+06
6.78598e+06
6.78598e+06
6.78598e+06
6.78598e+06
6.78599e+06
6.78599e+06
6.78599e+06
6.78599e+06
6.78599e+06
6.78599e+06
6.786e+06
6.786e+06
6.786e+06
6.786e+06
6.786e+06
6.78601e+06
6.78601e+06
6.78601e+06
6.78601e+06
6.78601e+06
6.78601e+06
6.78602e+06
6.78602e+06
6.78602e+06
6.78602e+06
6.78602e+06
6.78603e+06
6.78603e+06
6.78603e+06
6.78603e+06
6.78603e+06
6.78603e+06
6.78604e+06
6.78604e+06
6.78604e+06
6.78604e+06
6.78604e+06
6.78605e+06
6.78605e+06
6.78605e+06
6.78605e+06
6.78605e+06
6.78605e+06
6.78606e+06
6.78606e+06
6.78606e+06
6.78606e+06
6.78606e+06
6.78607e+06
6.78607e+06
6.78607e+06
6.78607e+06
6.78607e+06
6.78607e+06
6.78608e+06
6.78608e+06
6.78608e+06
6.78608e+06
6.78608e+06
6.78609e+06
6.78609e+06
6.78609e+06
6.78609e+06
6.78609e+06
6.78609e+06
6.7861e+06
6.7861e+06
6.7861e+06
6.7861e+06
6.7861e+06
6.78611e+06
6.78611e+06
6.78611e+06
6.78611e+06
6.78611e+06
6.78611e+06
6.78612e+06
6.78612e+06
6.78612e+06
6.78612e+06
6.78612e+06
6.78612e+06
6.78613e+06
6.78613e+06
6.78613e+06
6.78613e+06
6.78613e+06
6.78614e+06
6.78614e+06
6.78614e+06
6.78614e+06
6.78614e+06
6.78614e+06
6.78615e+06
6.78615e+06
6.78615e+06
6.78615e+06
6.78615e+06
6.78616e+06
6.78616e+06
6.78616e+06
6.78616e+06
6.78616e+06
6.78616e+06
6.78617e+06
6.78617e+06
6.78617e+06
6.78617e+06
6.78617e+06
6.78618e+06
6.78618e+06
6.78618e+06
6.78618e+06
6.78618e+06
6.78618e+06
6.78619e+06
6.78619e+06
6.78619e+06
6.78619e+06
6.78619e+06
6.7862e+06
6.7862e+06
6.7862e+06
6.7862e+06
6.7862e+06
6.7862e+06
6.78621e+06
6.78621e+06
6.78621e+06
6.78621e+06
6.78621e+06
6.78622e+06
6.78622e+06
6.78622e+06
6.78622e+06
6.78622e+06
6.78622e+06
6.78623e+06
6.78623e+06
6.78623e+06
6.78623e+06
6.78623e+06
6.78624e+06
6.78624e+06
6.78624e+06
6.78624e+06
6.78624e+06
6.78624e+06
6.78625e+06
6.78625e+06
6.78625e+06
6.78625e+06
6.78625e+06
6.78626e+06
6.78626e+06
6.78626e+06
6.78626e+06
6.78626e+06
6.78626e+06
6.78627e+06
6.78627e+06
6.78627e+06
6.78627e+06
6.78627e+06
6.78627e+06
6.78628e+06
6.78628e+06
6.78628e+06
6.78628e+06
6.78628e+06
6.78629e+06
6.78629e+06
6.78629e+06
6.78629e+06
6.78629e+06
6.78629e+06
6.7863e+06
6.7863e+06
6.7863e+06
6.7863e+06
6.7863e+06
6.78631e+06
6.78631e+06
6.78631e+06
6.78631e+06
6.78631e+06
6.78631e+06
6.78632e+06
6.78632e+06
6.78632e+06
6.78632e+06
6.78632e+06
6.78633e+06
6.78633e+06
6.78633e+06
6.78633e+06
6.78633e+06
6.78633e+06
6.78634e+06
6.78634e+06
6.78634e+06
6.78634e+06
6.78634e+06
6.78635e+06
6.78635e+06
6.78635e+06
6.78635e+06
6.78635e+06
6.78635e+06
6.78636e+06
6.78636e+06
6.78636e+06
6.78636e+06
6.78636e+06
6.78636e+06
6.78637e+06
6.78637e+06
6.78637e+06
6.78637e+06
6.78637e+06
6.78638e+06
6.78638e+06
6.78638e+06
6.78638e+06
6.78638e+06
6.78638e+06
6.78639e+06
6.78639e+06
6.78639e+06
6.78639e+06
6.78639e+06
6.7864e+06
6.7864e+06
6.7864e+06
6.7864e+06
6.7864e+06
6.7864e+06
6.78641e+06
6.78641e+06
6.78641e+06
6.78641e+06
6.78641e+06
6.78642e+06
6.78642e+06
6.78642e+06
6.78642e+06
6.78642e+06
6.78642e+06
6.78643e+06
6.78643e+06
6.78643e+06
6.78643e+06
6.78643e+06
6.78643e+06
6.78644e+06
6.78644e+06
6.78644e+06
6.78644e+06
6.78644e+06
6.78645e+06
6.78645e+06
6.78645e+06
6.78645e+06
6.78645e+06
6.78645e+06
6.78646e+06
6.78646e+06
6.78646e+06
6.78646e+06
6.78646e+06
6.78647e+06
6.78647e+06
6.78647e+06
6.78647e+06
6.78647e+06
6.78647e+06
6.78648e+06
6.78648e+06
6.78648e+06
6.78648e+06
6.78648e+06
6.78649e+06
6.78649e+06
6.78649e+06
6.78649e+06
6.78649e+06
6.78649e+06
6.7865e+06
6.7865e+06
6.7865e+06
6.7865e+06
6.7865e+06
6.7865e+06
6.78651e+06
6.78651e+06
6.78651e+06
6.78651e+06
6.78651e+06
6.78652e+06
6.78652e+06
6.78652e+06
6.78652e+06
6.78652e+06
6.78652e+06
6.78653e+06
6.78653e+06
6.78653e+06
6.78653e+06
6.78653e+06
6.78654e+06
6.78654e+06
6.78654e+06
6.78654e+06
6.78654e+06
6.78654e+06
6.78655e+06
6.78655e+06
6.78655e+06
6.78655e+06
6.78655e+06
6.78655e+06
6.78656e+06
6.78656e+06
6.78656e+06
6.78656e+06
6.78656e+06
6.78657e+06
6.78657e+06
6.78657e+06
6.78657e+06
6.78657e+06
6.78657e+06
6.78658e+06
6.78658e+06
6.78658e+06
6.78658e+06
6.78658e+06
6.78659e+06
6.78659e+06
6.78659e+06
6.78659e+06
6.78659e+06
6.78659e+06
6.7866e+06
6.7866e+06
6.7866e+06
6.7866e+06
6.7866e+06
6.7866e+06
6.78661e+06
6.78661e+06
6.78661e+06
6.78661e+06
6.78661e+06
6.78662e+06
6.78662e+06
6.78662e+06
6.78662e+06
6.78662e+06
6.78662e+06
6.78663e+06
6.78663e+06
6.78663e+06
6.78663e+06
6.78663e+06
6.78663e+06
6.78664e+06
6.78664e+06
6.78664e+06
6.78664e+06
6.78664e+06
6.78665e+06
6.78665e+06
6.78665e+06
6.78665e+06
6.78665e+06
6.78665e+06
6.78666e+06
6.78666e+06
6.78666e+06
6.78666e+06
6.78666e+06
6.78667e+06
6.78667e+06
6.78667e+06
6.78667e+06
6.78667e+06
6.78667e+06
6.78668e+06
6.78668e+06
6.78668e+06
6.78668e+06
6.78668e+06
6.78668e+06
6.78669e+06
6.78669e+06
6.78669e+06
6.78669e+06
6.78669e+06
6.7867e+06
6.7867e+06
6.7867e+06
6.7867e+06
6.7867e+06
6.7867e+06
6.78671e+06
6.78671e+06
6.78671e+06
6.78671e+06
6.78671e+06
6.78671e+06
6.78672e+06
6.78672e+06
6.78672e+06
6.78672e+06
6.78672e+06
6.78673e+06
6.78673e+06
6.78673e+06
6.78673e+06
6.78673e+06
6.78673e+06
6.78674e+06
6.78674e+06
6.78674e+06
6.78674e+06
6.78674e+06
6.78674e+06
6.78675e+06
6.78675e+06
6.78675e+06
6.78675e+06
6.78675e+06
6.78676e+06
6.78676e+06
6.78676e+06
6.78676e+06
6.78676e+06
6.78676e+06
6.78677e+06
6.78677e+06
6.78677e+06
6.78677e+06
6.78677e+06
6.78678e+06
6.78678e+06
6.78678e+06
6.78678e+06
6.78678e+06
6.78678e+06
6.78679e+06
6.78679e+06
6.78679e+06
6.78679e+06
6.78679e+06
6.78679e+06
6.7868e+06
6.7868e+06
6.7868e+06
6.7868e+06
6.7868e+06
6.78681e+06
6.78681e+06
6.78681e+06
6.78681e+06
6.78681e+06
6.78681e+06
6.78682e+06
6.78682e+06
6.78682e+06
6.78682e+06
6.78682e+06
6.78682e+06
6.78683e+06
6.78683e+06
6.78683e+06
6.78683e+06
6.78683e+06
6.78684e+06
6.78684e+06
6.78684e+06
6.78684e+06
6.78684e+06
6.78684e+06
6.78685e+06
6.78685e+06
6.78685e+06
6.78685e+06
6.78685e+06
6.78685e+06
6.78686e+06
6.78686e+06
6.78686e+06
6.78686e+06
6.78686e+06
6.78687e+06
6.78687e+06
6.78687e+06
6.78687e+06
6.78687e+06
6.78687e+06
6.78688e+06
6.78688e+06
6.78688e+06
6.78688e+06
6.78688e+06
6.78688e+06
6.78689e+06
6.78689e+06
6.78689e+06
6.78689e+06
6.78689e+06
6.7869e+06
6.7869e+06
6.7869e+06
6.7869e+06
6.7869e+06
6.7869e+06
6.78691e+06
6.78691e+06
6.78691e+06
6.78691e+06
6.78691e+06
6.78691e+06
6.78692e+06
6.78692e+06
6.78692e+06
6.78692e+06
6.78692e+06
6.78693e+06
6.78693e+06
6.78693e+06
6.78693e+06
6.78693e+06
6.78693e+06
6.78694e+06
6.78694e+06
6.78694e+06
6.78694e+06
6.78694e+06
6.78694e+06
6.78695e+06
6.78695e+06
6.78695e+06
6.78695e+06
6.78695e+06
6.78695e+06
6.78696e+06
6.78696e+06
6.78696e+06
6.78696e+06
6.78696e+06
6.78697e+06
6.78697e+06
6.78697e+06
6.78697e+06
6.78697e+06
6.78697e+06
6.78698e+06
6.78698e+06
6.78698e+06
6.78698e+06
6.78698e+06
6.78698e+06
6.78699e+06
6.78699e+06
6.78699e+06
6.78699e+06
6.78699e+06
6.787e+06
6.787e+06
6.787e+06
6.787e+06
6.787e+06
6.787e+06
6.78701e+06
6.78701e+06
6.78701e+06
6.78701e+06
6.78701e+06
6.78701e+06
6.78702e+06
6.78702e+06
6.78702e+06
6.78702e+06
6.78702e+06
6.78703e+06
6.78703e+06
6.78703e+06
6.78703e+06
6.78703e+06
6.78703e+06
6.78704e+06
6.78704e+06
6.78704e+06
6.78704e+06
6.78704e+06
6.78704e+06
6.78705e+06
6.78705e+06
6.78705e+06
6.78705e+06
6.78705e+06
6.78705e+06
6.78706e+06
6.78706e+06
6.78706e+06
6.78706e+06
6.78706e+06
6.78707e+06
6.78707e+06
6.78707e+06
6.78707e+06
6.78707e+06
6.78707e+06
6.78708e+06
6.78708e+06
6.78708e+06
6.78708e+06
6.78708e+06
6.78708e+06
6.78709e+06
6.78709e+06
6.78709e+06
6.78709e+06
6.78709e+06
6.7871e+06
6.7871e+06
6.7871e+06
6.7871e+06
6.7871e+06
6.7871e+06
6.78711e+06
6.78711e+06
6.78711e+06
6.78711e+06
6.78711e+06
6.78711e+06
6.78712e+06
6.78712e+06
6.78712e+06
6.78712e+06
6.78712e+06
6.78712e+06
6.78713e+06
6.78713e+06
6.78713e+06
6.78713e+06
6.78713e+06
6.78714e+06
6.78714e+06
6.78714e+06
6.78714e+06
6.78714e+06
6.78714e+06
6.78715e+06
6.78715e+06
6.78715e+06
6.78715e+06
6.78715e+06
6.78715e+06
6.78716e+06
6.78716e+06
6.78716e+06
6.78716e+06
6.78716e+06
6.78716e+06
6.78717e+06
6.78717e+06
6.78717e+06
6.78717e+06
6.78717e+06
6.78718e+06
6.78718e+06
6.78718e+06
6.78718e+06
6.78718e+06
6.78718e+06
6.78719e+06
6.78719e+06
6.78719e+06
6.78719e+06
6.78719e+06
6.78719e+06
6.7872e+06
6.7872e+06
6.7872e+06
6.7872e+06
6.7872e+06
6.7872e+06
6.78721e+06
6.78721e+06
6.78721e+06
6.78721e+06
6.78721e+06
6.78722e+06
6.78722e+06
6.78722e+06
6.78722e+06
6.78722e+06
6.78722e+06
6.78723e+06
6.78723e+06
6.78723e+06
6.78723e+06
6.78723e+06
6.78723e+06
6.78724e+06
6.78724e+06
6.78724e+06
6.78724e+06
6.78724e+06
6.78724e+06
6.78725e+06
6.78725e+06
6.78725e+06
6.78725e+06
6.78725e+06
6.78726e+06
6.78726e+06
6.78726e+06
6.78726e+06
6.78726e+06
6.78726e+06
6.78727e+06
6.78727e+06
6.78727e+06
6.78727e+06
6.78727e+06
6.78727e+06
6.78728e+06
6.78728e+06
6.78728e+06
6.78728e+06
6.78728e+06
6.78728e+06
6.78729e+06
6.78729e+06
6.78729e+06
6.78729e+06
6.78729e+06
6.78729e+06
6.7873e+06
6.7873e+06
6.7873e+06
6.7873e+06
6.7873e+06
6.78731e+06
6.78731e+06
6.78731e+06
6.78731e+06
6.78731e+06
6.78731e+06
6.78732e+06
6.78732e+06
6.78732e+06
6.78732e+06
6.78732e+06
6.78732e+06
6.78733e+06
6.78733e+06
6.78733e+06
6.78733e+06
6.78733e+06
6.78733e+06
6.78734e+06
6.78734e+06
6.78734e+06
6.78734e+06
6.78734e+06
6.78735e+06
6.78735e+06
6.78735e+06
6.78735e+06
6.78735e+06
6.78735e+06
6.78736e+06
6.78736e+06
6.78736e+06
6.78736e+06
6.78736e+06
6.78736e+06
6.78737e+06
6.78737e+06
6.78737e+06
6.78737e+06
6.78737e+06
6.78737e+06
6.78738e+06
6.78738e+06
6.78738e+06
6.78738e+06
6.78738e+06
6.78738e+06
6.78739e+06
6.78739e+06
6.78739e+06
6.78739e+06
6.78739e+06
6.7874e+06
6.7874e+06
6.7874e+06
6.7874e+06
6.7874e+06
6.7874e+06
6.78741e+06
6.78741e+06
6.78741e+06
6.78741e+06
6.78741e+06
6.78741e+06
6.78742e+06
6.78742e+06
6.78742e+06
6.78742e+06
6.78742e+06
6.78742e+06
6.78743e+06
6.78743e+06
6.78743e+06
6.78743e+06
6.78743e+06
6.78743e+06
6.78744e+06
6.78744e+06
6.78744e+06
6.78744e+06
6.78744e+06
6.78744e+06
6.78745e+06
6.78745e+06
6.78745e+06
6.78745e+06
6.78745e+06
6.78746e+06
6.78746e+06
6.78746e+06
6.78746e+06
6.78746e+06
6.78746e+06
6.78747e+06
6.78747e+06
6.78747e+06
6.78747e+06
6.78747e+06
6.78747e+06
6.78748e+06
6.78748e+06
6.78748e+06
6.78748e+06
6.78748e+06
6.78748e+06
6.78749e+06
6.78749e+06
6.78749e+06
6.78749e+06
6.78749e+06
6.78749e+06
6.7875e+06
6.7875e+06
6.7875e+06
6.7875e+06
6.7875e+06
6.78751e+06
6.78751e+06
6.78751e+06
6.78751e+06
6.78751e+06
6.78751e+06
6.78752e+06
6.78752e+06
6.78752e+06
6.78752e+06
6.78752e+06
6.78752e+06
6.78753e+06
6.78753e+06
6.78753e+06
6.78753e+06
6.78753e+06
6.78753e+06
6.78754e+06
6.78754e+06
6.78754e+06
6.78754e+06
6.78754e+06
6.78754e+06
6.78755e+06
6.78755e+06
6.78755e+06
6.78755e+06
6.78755e+06
6.78755e+06
6.78756e+06
6.78756e+06
6.78756e+06
6.78756e+06
6.78756e+06
6.78756e+06
6.78757e+06
6.78757e+06
6.78757e+06
6.78757e+06
6.78757e+06
6.78758e+06
6.78758e+06
6.78758e+06
6.78758e+06
6.78758e+06
6.78758e+06
6.78759e+06
6.78759e+06
6.78759e+06
6.78759e+06
6.78759e+06
6.78759e+06
6.7876e+06
6.7876e+06
6.7876e+06
6.7876e+06
6.7876e+06
6.7876e+06
6.78761e+06
6.78761e+06
6.78761e+06
6.78761e+06
6.78761e+06
6.78761e+06
6.78762e+06
6.78762e+06
6.78762e+06
6.78762e+06
6.78762e+06
6.78762e+06
6.78763e+06
6.78763e+06
6.78763e+06
6.78763e+06
6.78763e+06
6.78763e+06
6.78764e+06
6.78764e+06
6.78764e+06
6.78764e+06
6.78764e+06
6.78764e+06
6.78765e+06
6.78765e+06
6.78765e+06
6.78765e+06
6.78765e+06
6.78766e+06
6.78766e+06
6.78766e+06
6.78766e+06
6.78766e+06
6.78766e+06
6.78767e+06
6.78767e+06
6.78767e+06
6.78767e+06
6.78767e+06
6.78767e+06
6.78768e+06
6.78768e+06
6.78768e+06
6.78768e+06
6.78768e+06
6.78768e+06
6.78769e+06
6.78769e+06
6.78769e+06
6.78769e+06
6.78769e+06
6.78769e+06
6.7877e+06
6.7877e+06
6.7877e+06
6.7877e+06
6.7877e+06
6.7877e+06
6.78771e+06
6.78771e+06
6.78771e+06
6.78771e+06
6.78771e+06
6.78771e+06
6.78772e+06
6.78772e+06
6.78772e+06
6.78772e+06
6.78772e+06
6.78772e+06
6.78773e+06
6.78773e+06
6.78773e+06
6.78773e+06
6.78773e+06
6.78773e+06
6.78774e+06
6.78774e+06
6.78774e+06
6.78774e+06
6.78774e+06
6.78775e+06
6.78775e+06
6.78775e+06
6.78775e+06
6.78775e+06
6.78775e+06
6.78776e+06
6.78776e+06
6.78776e+06
6.78776e+06
6.78776e+06
6.78776e+06
6.78777e+06
6.78777e+06
6.78777e+06
6.78777e+06
6.78777e+06
6.78777e+06
6.78778e+06
6.78778e+06
6.78778e+06
6.78778e+06
6.78778e+06
6.78778e+06
6.78779e+06
6.78779e+06
6.78779e+06
6.78779e+06
6.78779e+06
6.78779e+06
6.7878e+06
6.7878e+06
6.7878e+06
6.7878e+06
6.7878e+06
6.7878e+06
6.78781e+06
6.78781e+06
6.78781e+06
6.78781e+06
6.78781e+06
6.78781e+06
6.78782e+06
6.78782e+06
6.78782e+06
6.78782e+06
6.78782e+06
6.78782e+06
6.78783e+06
6.78783e+06
6.78783e+06
6.78783e+06
6.78783e+06
6.78783e+06
6.78784e+06
6.78784e+06
6.78784e+06
6.78784e+06
6.78784e+06
6.78784e+06
6.78785e+06
6.78785e+06
6.78785e+06
6.78785e+06
6.78785e+06
6.78785e+06
6.78786e+06
6.78786e+06
6.78786e+06
6.78786e+06
6.78786e+06
6.78786e+06
6.78787e+06
6.78787e+06
6.78787e+06
6.78787e+06
6.78787e+06
6.78787e+06
6.78788e+06
6.78788e+06
6.78788e+06
6.78788e+06
6.78788e+06
6.78788e+06
6.78789e+06
6.78789e+06
6.78789e+06
6.78789e+06
6.78789e+06
6.7879e+06
6.7879e+06
6.7879e+06
6.7879e+06
6.7879e+06
6.7879e+06
6.78791e+06
6.78791e+06
6.78791e+06
6.78791e+06
6.78791e+06
6.78791e+06
6.78792e+06
6.78792e+06
6.78792e+06
6.78792e+06
6.78792e+06
6.78792e+06
6.78793e+06
6.78793e+06
6.78793e+06
6.78793e+06
6.78793e+06
6.78793e+06
6.78794e+06
6.78794e+06
6.78794e+06
6.78794e+06
6.78794e+06
6.78794e+06
6.78795e+06
6.78795e+06
6.78795e+06
6.78795e+06
6.78795e+06
6.78795e+06
6.78796e+06
6.78796e+06
6.78796e+06
6.78796e+06
6.78796e+06
6.78796e+06
6.78797e+06
6.78797e+06
6.78797e+06
6.78797e+06
6.78797e+06
6.78797e+06
6.78798e+06
6.78798e+06
6.78798e+06
6.78798e+06
6.78798e+06
6.78798e+06
6.78799e+06
6.78799e+06
6.78799e+06
6.78799e+06
6.78799e+06
6.78799e+06
6.788e+06
6.788e+06
6.788e+06
6.788e+06
6.788e+06
6.788e+06
6.78801e+06
6.78801e+06
6.78801e+06
6.78801e+06
6.78801e+06
6.78801e+06
6.78802e+06
6.78802e+06
6.78802e+06
6.78802e+06
6.78802e+06
6.78802e+06
6.78803e+06
6.78803e+06
6.78803e+06
6.78803e+06
6.78803e+06
6.78803e+06
6.78804e+06
6.78804e+06
6.78804e+06
6.78804e+06
6.78804e+06
6.78804e+06
6.78805e+06
6.78805e+06
6.78805e+06
6.78805e+06
6.78805e+06
6.78805e+06
6.78806e+06
6.78806e+06
6.78806e+06
6.78806e+06
6.78806e+06
6.78806e+06
6.78807e+06
6.78807e+06
6.78807e+06
6.78807e+06
6.78807e+06
6.78807e+06
6.78808e+06
6.78808e+06
6.78808e+06
6.78808e+06
6.78808e+06
6.78808e+06
6.78809e+06
6.78809e+06
6.78809e+06
6.78809e+06
6.78809e+06
6.78809e+06
6.7881e+06
6.7881e+06
6.7881e+06
6.7881e+06
6.7881e+06
6.7881e+06
6.78811e+06
6.78811e+06
6.78811e+06
6.78811e+06
6.78811e+06
6.78811e+06
6.78812e+06
6.78812e+06
6.78812e+06
6.78812e+06
6.78812e+06
6.78812e+06
6.78813e+06
6.78813e+06
6.78813e+06
6.78813e+06
6.78813e+06
6.78813e+06
6.78814e+06
6.78814e+06
6.78814e+06
6.78814e+06
6.78814e+06
6.78814e+06
6.78814e+06
6.78815e+06
6.78815e+06
6.78815e+06
6.78815e+06
6.78815e+06
6.78815e+06
6.78816e+06
6.78816e+06
6.78816e+06
6.78816e+06
6.78816e+06
6.78816e+06
6.78817e+06
6.78817e+06
6.78817e+06
6.78817e+06
6.78817e+06
6.78817e+06
6.78818e+06
6.78818e+06
6.78818e+06
6.78818e+06
6.78818e+06
6.78818e+06
6.78819e+06
6.78819e+06
6.78819e+06
6.78819e+06
6.78819e+06
6.78819e+06
6.7882e+06
6.7882e+06
6.7882e+06
6.7882e+06
6.7882e+06
6.7882e+06
6.78821e+06
6.78821e+06
6.78821e+06
6.78821e+06
6.78821e+06
6.78821e+06
6.78822e+06
6.78822e+06
6.78822e+06
6.78822e+06
6.78822e+06
6.78822e+06
6.78823e+06
6.78823e+06
6.78823e+06
6.78823e+06
6.78823e+06
6.78823e+06
6.78824e+06
6.78824e+06
6.78824e+06
6.78824e+06
6.78824e+06
6.78824e+06
6.78825e+06
6.78825e+06
6.78825e+06
6.78825e+06
6.78825e+06
6.78825e+06
6.78826e+06
6.78826e+06
6.78826e+06
6.78826e+06
6.78826e+06
6.78826e+06
6.78827e+06
6.78827e+06
6.78827e+06
6.78827e+06
6.78827e+06
6.78827e+06
6.78828e+06
6.78828e+06
6.78828e+06
6.78828e+06
6.78828e+06
6.78828e+06
6.78828e+06
6.78829e+06
6.78829e+06
6.78829e+06
6.78829e+06
6.78829e+06
6.78829e+06
6.7883e+06
6.7883e+06
6.7883e+06
6.7883e+06
6.7883e+06
6.7883e+06
6.78831e+06
6.78831e+06
6.78831e+06
6.78831e+06
6.78831e+06
6.78831e+06
6.78832e+06
6.78832e+06
6.78832e+06
6.78832e+06
6.78832e+06
6.78832e+06
6.78833e+06
6.78833e+06
6.78833e+06
6.78833e+06
6.78833e+06
6.78833e+06
6.78834e+06
6.78834e+06
6.78834e+06
6.78834e+06
6.78834e+06
6.78834e+06
6.78835e+06
6.78835e+06
6.78835e+06
6.78835e+06
6.78835e+06
6.78835e+06
6.78836e+06
6.78836e+06
6.78836e+06
6.78836e+06
6.78836e+06
6.78836e+06
6.78837e+06
6.78837e+06
6.78837e+06
6.78837e+06
6.78837e+06
6.78837e+06
6.78837e+06
6.78838e+06
6.78838e+06
6.78838e+06
6.78838e+06
6.78838e+06
6.78838e+06
6.78839e+06
6.78839e+06
6.78839e+06
6.78839e+06
6.78839e+06
6.78839e+06
6.7884e+06
6.7884e+06
6.7884e+06
6.7884e+06
6.7884e+06
6.7884e+06
6.78841e+06
6.78841e+06
6.78841e+06
6.78841e+06
6.78841e+06
6.78841e+06
6.78842e+06
6.78842e+06
6.78842e+06
6.78842e+06
6.78842e+06
6.78842e+06
6.78843e+06
6.78843e+06
6.78843e+06
6.78843e+06
6.78843e+06
6.78843e+06
6.78844e+06
6.78844e+06
6.78844e+06
6.78844e+06
6.78844e+06
6.78844e+06
6.78844e+06
6.78845e+06
6.78845e+06
6.78845e+06
6.78845e+06
6.78845e+06
6.78845e+06
6.78846e+06
6.78846e+06
6.78846e+06
6.78846e+06
6.78846e+06
6.78846e+06
6.78847e+06
6.78847e+06
6.78847e+06
6.78847e+06
6.78847e+06
6.78847e+06
6.78848e+06
6.78848e+06
6.78848e+06
6.78848e+06
6.78848e+06
6.78848e+06
6.78849e+06
6.78849e+06
6.78849e+06
6.78849e+06
6.78849e+06
6.78849e+06
6.7885e+06
6.7885e+06
6.7885e+06
6.7885e+06
6.7885e+06
6.7885e+06
6.7885e+06
6.78851e+06
6.78851e+06
6.78851e+06
6.78851e+06
6.78851e+06
6.78851e+06
6.78852e+06
6.78852e+06
6.78852e+06
6.78852e+06
6.78852e+06
6.78852e+06
6.78853e+06
6.78853e+06
6.78853e+06
6.78853e+06
6.78853e+06
6.78853e+06
6.78854e+06
6.78854e+06
6.78854e+06
6.78854e+06
6.78854e+06
6.78854e+06
6.78855e+06
6.78855e+06
6.78855e+06
6.78855e+06
6.78855e+06
6.78855e+06
6.78855e+06
6.78856e+06
6.78856e+06
6.78856e+06
6.78856e+06
6.78856e+06
6.78856e+06
6.78857e+06
6.78857e+06
6.78857e+06
6.78857e+06
6.78857e+06
6.78857e+06
6.78858e+06
6.78858e+06
6.78858e+06
6.78858e+06
6.78858e+06
6.78858e+06
6.78859e+06
6.78859e+06
6.78859e+06
6.78859e+06
6.78859e+06
6.78859e+06
6.78859e+06
6.7886e+06
6.7886e+06
6.7886e+06
6.7886e+06
6.7886e+06
6.7886e+06
6.78861e+06
6.78861e+06
6.78861e+06
6.78861e+06
6.78861e+06
6.78861e+06
6.78862e+06
6.78862e+06
6.78862e+06
6.78862e+06
6.78862e+06
6.78862e+06
6.78863e+06
6.78863e+06
6.78863e+06
6.78863e+06
6.78863e+06
6.78863e+06
6.78864e+06
6.78864e+06
6.78864e+06
6.78864e+06
6.78864e+06
6.78864e+06
6.78864e+06
6.78865e+06
6.78865e+06
6.78865e+06
6.78865e+06
6.78865e+06
6.78865e+06
6.78866e+06
6.78866e+06
6.78866e+06
6.78866e+06
6.78866e+06
6.78866e+06
6.78867e+06
6.78867e+06
6.78867e+06
6.78867e+06
6.78867e+06
6.78867e+06
6.78868e+06
6.78868e+06
6.78868e+06
6.78868e+06
6.78868e+06
6.78868e+06
6.78868e+06
6.78869e+06
6.78869e+06
6.78869e+06
6.78869e+06
6.78869e+06
6.78869e+06
6.7887e+06
6.7887e+06
6.7887e+06
6.7887e+06
6.7887e+06
6.7887e+06
6.78871e+06
6.78871e+06
6.78871e+06
6.78871e+06
6.78871e+06
6.78871e+06
6.78872e+06
6.78872e+06
6.78872e+06
6.78872e+06
6.78872e+06
6.78872e+06
6.78872e+06
6.78873e+06
6.78873e+06
6.78873e+06
6.78873e+06
6.78873e+06
6.78873e+06
6.78874e+06
6.78874e+06
6.78874e+06
6.78874e+06
6.78874e+06
6.78874e+06
6.78875e+06
6.78875e+06
6.78875e+06
6.78875e+06
6.78875e+06
6.78875e+06
6.78875e+06
6.78876e+06
6.78876e+06
6.78876e+06
6.78876e+06
6.78876e+06
6.78876e+06
6.78877e+06
6.78877e+06
6.78877e+06
6.78877e+06
6.78877e+06
6.78877e+06
6.78878e+06
6.78878e+06
6.78878e+06
6.78878e+06
6.78878e+06
6.78878e+06
6.78878e+06
6.78879e+06
6.78879e+06
6.78879e+06
6.78879e+06
6.78879e+06
6.78879e+06
6.7888e+06
6.7888e+06
6.7888e+06
6.7888e+06
6.7888e+06
6.7888e+06
6.78881e+06
6.78881e+06
6.78881e+06
6.78881e+06
6.78881e+06
6.78881e+06
6.78882e+06
6.78882e+06
6.78882e+06
6.78882e+06
6.78882e+06
6.78882e+06
6.78882e+06
6.78883e+06
6.78883e+06
6.78883e+06
6.78883e+06
6.78883e+06
6.78883e+06
6.78884e+06
6.78884e+06
6.78884e+06
6.78884e+06
6.78884e+06
6.78884e+06
6.78885e+06
6.78885e+06
6.78885e+06
6.78885e+06
6.78885e+06
6.78885e+06
6.78885e+06
6.78886e+06
6.78886e+06
6.78886e+06
6.78886e+06
6.78886e+06
6.78886e+06
6.78887e+06
6.78887e+06
6.78887e+06
6.78887e+06
6.78887e+06
6.78887e+06
6.78888e+06
6.78888e+06
6.78888e+06
6.78888e+06
6.78888e+06
6.78888e+06
6.78888e+06
6.78889e+06
6.78889e+06
6.78889e+06
6.78889e+06
6.78889e+06
6.78889e+06
6.7889e+06
6.7889e+06
6.7889e+06
6.7889e+06
6.7889e+06
6.7889e+06
6.7889e+06
6.78891e+06
6.78891e+06
6.78891e+06
6.78891e+06
6.78891e+06
6.78891e+06
6.78892e+06
6.78892e+06
6.78892e+06
6.78892e+06
6.78892e+06
6.78892e+06
6.78893e+06
6.78893e+06
6.78893e+06
6.78893e+06
6.78893e+06
6.78893e+06
6.78893e+06
6.78894e+06
6.78894e+06
6.78894e+06
6.78894e+06
6.78894e+06
6.78894e+06
6.78895e+06
6.78895e+06
6.78895e+06
6.78895e+06
6.78895e+06
6.78895e+06
6.78896e+06
6.78896e+06
6.78896e+06
6.78896e+06
6.78896e+06
6.78896e+06
6.78896e+06
6.78897e+06
6.78897e+06
6.78897e+06
6.78897e+06
6.78897e+06
6.78897e+06
6.78898e+06
6.78898e+06
6.78898e+06
6.78898e+06
6.78898e+06
6.78898e+06
6.78898e+06
6.78899e+06
6.78899e+06
6.78899e+06
6.78899e+06
6.78899e+06
6.78899e+06
6.789e+06
6.789e+06
6.789e+06
6.789e+06
6.789e+06
6.789e+06
6.78901e+06
6.78901e+06
6.78901e+06
6.78901e+06
6.78901e+06
6.78901e+06
6.78901e+06
6.78902e+06
6.78902e+06
6.78902e+06
6.78902e+06
6.78902e+06
6.78902e+06
6.78903e+06
6.78903e+06
6.78903e+06
6.78903e+06
6.78903e+06
6.78903e+06
6.78903e+06
6.78904e+06
6.78904e+06
6.78904e+06
6.78904e+06
6.78904e+06
6.78904e+06
6.78905e+06
6.78905e+06
6.78905e+06
6.78905e+06
6.78905e+06
6.78905e+06
6.78905e+06
6.78906e+06
6.78906e+06
6.78906e+06
6.78906e+06
6.78906e+06
6.78906e+06
6.78907e+06
6.78907e+06
6.78907e+06
6.78907e+06
6.78907e+06
6.78907e+06
6.78908e+06
6.78908e+06
6.78908e+06
6.78908e+06
6.78908e+06
6.78908e+06
6.78908e+06
6.78909e+06
6.78909e+06
6.78909e+06
6.78909e+06
6.78909e+06
6.78909e+06
6.7891e+06
6.7891e+06
6.7891e+06
6.7891e+06
6.7891e+06
6.7891e+06
6.7891e+06
6.78911e+06
6.78911e+06
6.78911e+06
6.78911e+06
6.78911e+06
6.78911e+06
6.78912e+06
6.78912e+06
6.78912e+06
6.78912e+06
6.78912e+06
6.78912e+06
6.78912e+06
6.78913e+06
6.78913e+06
6.78913e+06
6.78913e+06
6.78913e+06
6.78913e+06
6.78914e+06
6.78914e+06
6.78914e+06
6.78914e+06
6.78914e+06
6.78914e+06
6.78914e+06
6.78915e+06
6.78915e+06
6.78915e+06
6.78915e+06
6.78915e+06
6.78915e+06
6.78916e+06
6.78916e+06
6.78916e+06
6.78916e+06
6.78916e+06
6.78916e+06
6.78916e+06
6.78917e+06
6.78917e+06
6.78917e+06
6.78917e+06
6.78917e+06
6.78917e+06
6.78918e+06
6.78918e+06
6.78918e+06
6.78918e+06
6.78918e+06
6.78918e+06
6.78918e+06
6.78919e+06
6.78919e+06
6.78919e+06
6.78919e+06
6.78919e+06
6.78919e+06
6.7892e+06
6.7892e+06
6.7892e+06
6.7892e+06
6.7892e+06
6.7892e+06
6.7892e+06
6.78921e+06
6.78921e+06
6.78921e+06
6.78921e+06
6.78921e+06
6.78921e+06
6.78922e+06
6.78922e+06
6.78922e+06
6.78922e+06
6.78922e+06
6.78922e+06
6.78922e+06
6.78923e+06
6.78923e+06
6.78923e+06
6.78923e+06
6.78923e+06
6.78923e+06
6.78924e+06
6.78924e+06
6.78924e+06
6.78924e+06
6.78924e+06
6.78924e+06
6.78924e+06
6.78925e+06
6.78925e+06
6.78925e+06
6.78925e+06
6.78925e+06
6.78925e+06
6.78926e+06
6.78926e+06
6.78926e+06
6.78926e+06
6.78926e+06
6.78926e+06
6.78926e+06
6.78927e+06
6.78927e+06
6.78927e+06
6.78927e+06
6.78927e+06
6.78927e+06
6.78928e+06
6.78928e+06
6.78928e+06
6.78928e+06
6.78928e+06
6.78928e+06
6.78928e+06
6.78929e+06
6.78929e+06
6.78929e+06
6.78929e+06
6.78929e+06
6.78929e+06
6.7893e+06
6.7893e+06
6.7893e+06
6.7893e+06
6.7893e+06
6.7893e+06
6.7893e+06
6.78931e+06
6.78931e+06
6.78931e+06
6.78931e+06
6.78931e+06
6.78931e+06
6.78931e+06
6.78932e+06
6.78932e+06
6.78932e+06
6.78932e+06
6.78932e+06
6.78932e+06
6.78933e+06
6.78933e+06
6.78933e+06
6.78933e+06
6.78933e+06
6.78933e+06
6.78933e+06
6.78934e+06
6.78934e+06
6.78934e+06
6.78934e+06
6.78934e+06
6.78934e+06
6.78935e+06
6.78935e+06
6.78935e+06
6.78935e+06
6.78935e+06
6.78935e+06
6.78935e+06
6.78936e+06
6.78936e+06
6.78936e+06
6.78936e+06
6.78936e+06
6.78936e+06
6.78936e+06
6.78937e+06
6.78937e+06
6.78937e+06
6.78937e+06
6.78937e+06
6.78937e+06
6.78938e+06
6.78938e+06
6.78938e+06
6.78938e+06
6.78938e+06
6.78938e+06
6.78938e+06
6.78939e+06
6.78939e+06
6.78939e+06
6.78939e+06
6.78939e+06
6.78939e+06
6.7894e+06
6.7894e+06
6.7894e+06
6.7894e+06
6.7894e+06
6.7894e+06
6.7894e+06
6.78941e+06
6.78941e+06
6.78941e+06
6.78941e+06
6.78941e+06
6.78941e+06
6.78941e+06
6.78942e+06
6.78942e+06
6.78942e+06
6.78942e+06
6.78942e+06
6.78942e+06
6.78943e+06
6.78943e+06
6.78943e+06
6.78943e+06
6.78943e+06
6.78943e+06
6.78943e+06
6.78944e+06
6.78944e+06
6.78944e+06
6.78944e+06
6.78944e+06
6.78944e+06
6.78944e+06
6.78945e+06
6.78945e+06
6.78945e+06
6.78945e+06
6.78945e+06
6.78945e+06
6.78946e+06
6.78946e+06
6.78946e+06
6.78946e+06
6.78946e+06
6.78946e+06
6.78946e+06
6.78947e+06
6.78947e+06
6.78947e+06
6.78947e+06
6.78947e+06
6.78947e+06
6.78948e+06
6.78948e+06
6.78948e+06
6.78948e+06
6.78948e+06
6.78948e+06
6.78948e+06
6.78949e+06
6.78949e+06
6.78949e+06
6.78949e+06
6.78949e+06
6.78949e+06
6.78949e+06
6.7895e+06
6.7895e+06
6.7895e+06
6.7895e+06
6.7895e+06
6.7895e+06
6.7895e+06
6.78951e+06
6.78951e+06
6.78951e+06
6.78951e+06
6.78951e+06
6.78951e+06
6.78952e+06
6.78952e+06
6.78952e+06
6.78952e+06
6.78952e+06
6.78952e+06
6.78952e+06
6.78953e+06
6.78953e+06
6.78953e+06
6.78953e+06
6.78953e+06
6.78953e+06
6.78953e+06
6.78954e+06
6.78954e+06
6.78954e+06
6.78954e+06
6.78954e+06
6.78954e+06
6.78955e+06
6.78955e+06
6.78955e+06
6.78955e+06
6.78955e+06
6.78955e+06
6.78955e+06
6.78956e+06
6.78956e+06
6.78956e+06
6.78956e+06
6.78956e+06
6.78956e+06
6.78956e+06
6.78957e+06
6.78957e+06
6.78957e+06
6.78957e+06
6.78957e+06
6.78957e+06
6.78958e+06
6.78958e+06
6.78958e+06
6.78958e+06
6.78958e+06
6.78958e+06
6.78958e+06
6.78959e+06
6.78959e+06
6.78959e+06
6.78959e+06
6.78959e+06
6.78959e+06
6.78959e+06
6.7896e+06
6.7896e+06
6.7896e+06
6.7896e+06
6.7896e+06
6.7896e+06
6.7896e+06
6.78961e+06
6.78961e+06
6.78961e+06
6.78961e+06
6.78961e+06
6.78961e+06
6.78962e+06
6.78962e+06
6.78962e+06
6.78962e+06
6.78962e+06
6.78962e+06
6.78962e+06
6.78963e+06
6.78963e+06
6.78963e+06
6.78963e+06
6.78963e+06
6.78963e+06
6.78963e+06
6.78964e+06
6.78964e+06
6.78964e+06
6.78964e+06
6.78964e+06
6.78964e+06
6.78964e+06
6.78965e+06
6.78965e+06
6.78965e+06
6.78965e+06
6.78965e+06
6.78965e+06
6.78966e+06
6.78966e+06
6.78966e+06
6.78966e+06
6.78966e+06
6.78966e+06
6.78966e+06
6.78967e+06
6.78967e+06
6.78967e+06
6.78967e+06
6.78967e+06
6.78967e+06
6.78967e+06
6.78968e+06
6.78968e+06
6.78968e+06
6.78968e+06
6.78968e+06
6.78968e+06
6.78968e+06
6.78969e+06
6.78969e+06
6.78969e+06
6.78969e+06
6.78969e+06
6.78969e+06
6.78969e+06
6.7897e+06
6.7897e+06
6.7897e+06
6.7897e+06
6.7897e+06
6.7897e+06
6.78971e+06
6.78971e+06
6.78971e+06
6.78971e+06
6.78971e+06
6.78971e+06
6.78971e+06
6.78972e+06
6.78972e+06
6.78972e+06
6.78972e+06
6.78972e+06
6.78972e+06
6.78972e+06
6.78973e+06
6.78973e+06
6.78973e+06
6.78973e+06
6.78973e+06
6.78973e+06
6.78973e+06
6.78974e+06
6.78974e+06
6.78974e+06
6.78974e+06
6.78974e+06
6.78974e+06
6.78974e+06
6.78975e+06
6.78975e+06
6.78975e+06
6.78975e+06
6.78975e+06
6.78975e+06
6.78976e+06
6.78976e+06
6.78976e+06
6.78976e+06
6.78976e+06
6.78976e+06
6.78976e+06
6.78977e+06
6.78977e+06
6.78977e+06
6.78977e+06
6.78977e+06
6.78977e+06
6.78977e+06
6.78978e+06
6.78978e+06
6.78978e+06
6.78978e+06
6.78978e+06
6.78978e+06
6.78978e+06
6.78979e+06
6.78979e+06
6.78979e+06
6.78979e+06
6.78979e+06
6.78979e+06
6.78979e+06
6.7898e+06
6.7898e+06
6.7898e+06
6.7898e+06
6.7898e+06
6.7898e+06
6.7898e+06
6.78981e+06
6.78981e+06
6.78981e+06
6.78981e+06
6.78981e+06
6.78981e+06
6.78981e+06
6.78982e+06
6.78982e+06
6.78982e+06
6.78982e+06
6.78982e+06
6.78982e+06
6.78983e+06
6.78983e+06
6.78983e+06
6.78983e+06
6.78983e+06
6.78983e+06
6.78983e+06
6.78984e+06
6.78984e+06
6.78984e+06
6.78984e+06
6.78984e+06
6.78984e+06
6.78984e+06
6.78985e+06
6.78985e+06
6.78985e+06
6.78985e+06
6.78985e+06
6.78985e+06
6.78985e+06
6.78986e+06
6.78986e+06
6.78986e+06
6.78986e+06
6.78986e+06
6.78986e+06
6.78986e+06
6.78987e+06
6.78987e+06
6.78987e+06
6.78987e+06
6.78987e+06
6.78987e+06
6.78987e+06
6.78988e+06
6.78988e+06
6.78988e+06
6.78988e+06
6.78988e+06
6.78988e+06
6.78988e+06
6.78989e+06
6.78989e+06
6.78989e+06
6.78989e+06
6.78989e+06
6.78989e+06
6.78989e+06
6.7899e+06
6.7899e+06
6.7899e+06
6.7899e+06
6.7899e+06
6.7899e+06
6.7899e+06
6.78991e+06
6.78991e+06
6.78991e+06
6.78991e+06
6.78991e+06
6.78991e+06
6.78991e+06
6.78992e+06
6.78992e+06
6.78992e+06
6.78992e+06
6.78992e+06
6.78992e+06
6.78992e+06
6.78993e+06
6.78993e+06
6.78993e+06
6.78993e+06
6.78993e+06
6.78993e+06
6.78993e+06
6.78994e+06
6.78994e+06
6.78994e+06
6.78994e+06
6.78994e+06
6.78994e+06
6.78994e+06
6.78995e+06
6.78995e+06
6.78995e+06
6.78995e+06
6.78995e+06
6.78995e+06
6.78996e+06
6.78996e+06
6.78996e+06
6.78996e+06
6.78996e+06
6.78996e+06
6.78996e+06
6.78997e+06
6.78997e+06
6.78997e+06
6.78997e+06
6.78997e+06
6.78997e+06
6.78997e+06
6.78998e+06
6.78998e+06
6.78998e+06
6.78998e+06
6.78998e+06
6.78998e+06
6.78998e+06
6.78999e+06
6.78999e+06
6.78999e+06
6.78999e+06
6.78999e+06
6.78999e+06
6.78999e+06
6.79e+06
6.79e+06
6.79e+06
6.79e+06
6.79e+06
6.79e+06
6.79e+06
6.79001e+06
6.79001e+06
6.79001e+06
6.79001e+06
6.79001e+06
6.79001e+06
6.79001e+06
6.79002e+06
6.79002e+06
6.79002e+06
6.79002e+06
6.79002e+06
6.79002e+06
6.79002e+06
6.79003e+06
6.79003e+06
6.79003e+06
6.79003e+06
6.79003e+06
6.79003e+06
6.79003e+06
6.79004e+06
6.79004e+06
6.79004e+06
6.79004e+06
6.79004e+06
6.79004e+06
6.79004e+06
6.79004e+06
6.79005e+06
6.79005e+06
6.79005e+06
6.79005e+06
6.79005e+06
6.79005e+06
6.79005e+06
6.79006e+06
6.79006e+06
6.79006e+06
6.79006e+06
6.79006e+06
6.79006e+06
6.79006e+06
6.79007e+06
6.79007e+06
6.79007e+06
6.79007e+06
6.79007e+06
6.79007e+06
6.79007e+06
6.79008e+06
6.79008e+06
6.79008e+06
6.79008e+06
6.79008e+06
6.79008e+06
6.79008e+06
6.79009e+06
6.79009e+06
6.79009e+06
6.79009e+06
6.79009e+06
6.79009e+06
6.79009e+06
6.7901e+06
6.7901e+06
6.7901e+06
6.7901e+06
6.7901e+06
6.7901e+06
6.7901e+06
6.79011e+06
6.79011e+06
6.79011e+06
6.79011e+06
6.79011e+06
6.79011e+06
6.79011e+06
6.79012e+06
6.79012e+06
6.79012e+06
6.79012e+06
6.79012e+06
6.79012e+06
6.79012e+06
6.79013e+06
6.79013e+06
6.79013e+06
6.79013e+06
6.79013e+06
6.79013e+06
6.79013e+06
6.79014e+06
6.79014e+06
6.79014e+06
6.79014e+06
6.79014e+06
6.79014e+06
6.79014e+06
6.79015e+06
6.79015e+06
6.79015e+06
6.79015e+06
6.79015e+06
6.79015e+06
6.79015e+06
6.79016e+06
6.79016e+06
6.79016e+06
6.79016e+06
6.79016e+06
6.79016e+06
6.79016e+06
6.79017e+06
6.79017e+06
6.79017e+06
6.79017e+06
6.79017e+06
6.79017e+06
6.79017e+06
6.79017e+06
6.79018e+06
6.79018e+06
6.79018e+06
6.79018e+06
6.79018e+06
6.79018e+06
6.79018e+06
6.79019e+06
6.79019e+06
6.79019e+06
6.79019e+06
6.79019e+06
6.79019e+06
6.79019e+06
6.7902e+06
6.7902e+06
6.7902e+06
6.7902e+06
6.7902e+06
6.7902e+06
6.7902e+06
6.79021e+06
6.79021e+06
6.79021e+06
6.79021e+06
6.79021e+06
6.79021e+06
6.79021e+06
6.79022e+06
6.79022e+06
6.79022e+06
6.79022e+06
6.79022e+06
6.79022e+06
6.79022e+06
6.79023e+06
6.79023e+06
6.79023e+06
6.79023e+06
6.79023e+06
6.79023e+06
6.79023e+06
6.79023e+06
6.79024e+06
6.79024e+06
6.79024e+06
6.79024e+06
6.79024e+06
6.79024e+06
6.79024e+06
6.79025e+06
6.79025e+06
6.79025e+06
6.79025e+06
6.79025e+06
6.79025e+06
6.79025e+06
6.79026e+06
6.79026e+06
6.79026e+06
6.79026e+06
6.79026e+06
6.79026e+06
6.79026e+06
6.79027e+06
6.79027e+06
6.79027e+06
6.79027e+06
6.79027e+06
6.79027e+06
6.79027e+06
6.79028e+06
6.79028e+06
6.79028e+06
6.79028e+06
6.79028e+06
6.79028e+06
6.79028e+06
6.79028e+06
6.79029e+06
6.79029e+06
6.79029e+06
6.79029e+06
6.79029e+06
6.79029e+06
6.79029e+06
6.7903e+06
6.7903e+06
6.7903e+06
6.7903e+06
6.7903e+06
6.7903e+06
6.7903e+06
6.79031e+06
6.79031e+06
6.79031e+06
6.79031e+06
6.79031e+06
6.79031e+06
6.79031e+06
6.79032e+06
6.79032e+06
6.79032e+06
6.79032e+06
6.79032e+06
6.79032e+06
6.79032e+06
6.79033e+06
6.79033e+06
6.79033e+06
6.79033e+06
6.79033e+06
6.79033e+06
6.79033e+06
6.79033e+06
6.79034e+06
6.79034e+06
6.79034e+06
6.79034e+06
6.79034e+06
6.79034e+06
6.79034e+06
6.79035e+06
6.79035e+06
6.79035e+06
6.79035e+06
6.79035e+06
6.79035e+06
6.79035e+06
6.79036e+06
6.79036e+06
6.79036e+06
6.79036e+06
6.79036e+06
6.79036e+06
6.79036e+06
6.79036e+06
6.79037e+06
6.79037e+06
6.79037e+06
6.79037e+06
6.79037e+06
6.79037e+06
6.79037e+06
6.79038e+06
6.79038e+06
6.79038e+06
6.79038e+06
6.79038e+06
6.79038e+06
6.79038e+06
6.79039e+06
6.79039e+06
6.79039e+06
6.79039e+06
6.79039e+06
6.79039e+06
6.79039e+06
6.7904e+06
6.7904e+06
6.7904e+06
6.7904e+06
6.7904e+06
6.7904e+06
6.7904e+06
6.7904e+06
6.79041e+06
6.79041e+06
6.79041e+06
6.79041e+06
6.79041e+06
6.79041e+06
6.79041e+06
6.79042e+06
6.79042e+06
6.79042e+06
6.79042e+06
6.79042e+06
6.79042e+06
6.79042e+06
6.79043e+06
6.79043e+06
6.79043e+06
6.79043e+06
6.79043e+06
6.79043e+06
6.79043e+06
6.79043e+06
6.79044e+06
6.79044e+06
6.79044e+06
6.79044e+06
6.79044e+06
6.79044e+06
6.79044e+06
6.79045e+06
6.79045e+06
6.79045e+06
6.79045e+06
6.79045e+06
6.79045e+06
6.79045e+06
6.79046e+06
6.79046e+06
6.79046e+06
6.79046e+06
6.79046e+06
6.79046e+06
6.79046e+06
6.79046e+06
6.79047e+06
6.79047e+06
6.79047e+06
6.79047e+06
6.79047e+06
6.79047e+06
6.79047e+06
6.79048e+06
6.79048e+06
6.79048e+06
6.79048e+06
6.79048e+06
6.79048e+06
6.79048e+06
6.79048e+06
6.79049e+06
6.79049e+06
6.79049e+06
6.79049e+06
6.79049e+06
6.79049e+06
6.79049e+06
6.7905e+06
6.7905e+06
6.7905e+06
6.7905e+06
6.7905e+06
6.7905e+06
6.7905e+06
6.79051e+06
6.79051e+06
6.79051e+06
6.79051e+06
6.79051e+06
6.79051e+06
6.79051e+06
6.79051e+06
6.79052e+06
6.79052e+06
6.79052e+06
6.79052e+06
6.79052e+06
6.79052e+06
6.79052e+06
6.79053e+06
6.79053e+06
6.79053e+06
6.79053e+06
6.79053e+06
6.79053e+06
6.79053e+06
6.79053e+06
6.79054e+06
6.79054e+06
6.79054e+06
6.79054e+06
6.79054e+06
6.79054e+06
6.79054e+06
6.79055e+06
6.79055e+06
6.79055e+06
6.79055e+06
6.79055e+06
6.79055e+06
6.79055e+06
6.79055e+06
6.79056e+06
6.79056e+06
6.79056e+06
6.79056e+06
6.79056e+06
6.79056e+06
6.79056e+06
6.79057e+06
6.79057e+06
6.79057e+06
6.79057e+06
6.79057e+06
6.79057e+06
6.79057e+06
6.79058e+06
6.79058e+06
6.79058e+06
6.79058e+06
6.79058e+06
6.79058e+06
6.79058e+06
6.79058e+06
6.79059e+06
6.79059e+06
6.79059e+06
6.79059e+06
6.79059e+06
6.79059e+06
6.79059e+06
6.7906e+06
6.7906e+06
6.7906e+06
6.7906e+06
6.7906e+06
6.7906e+06
6.7906e+06
6.7906e+06
6.79061e+06
6.79061e+06
6.79061e+06
6.79061e+06
6.79061e+06
6.79061e+06
6.79061e+06
6.79062e+06
6.79062e+06
6.79062e+06
6.79062e+06
6.79062e+06
6.79062e+06
6.79062e+06
6.79062e+06
6.79063e+06
6.79063e+06
6.79063e+06
6.79063e+06
6.79063e+06
6.79063e+06
6.79063e+06
6.79064e+06
6.79064e+06
6.79064e+06
6.79064e+06
6.79064e+06
6.79064e+06
6.79064e+06
6.79064e+06
6.79065e+06
6.79065e+06
6.79065e+06
6.79065e+06
6.79065e+06
6.79065e+06
6.79065e+06
6.79066e+06
6.79066e+06
6.79066e+06
6.79066e+06
6.79066e+06
6.79066e+06
6.79066e+06
6.79066e+06
6.79067e+06
6.79067e+06
6.79067e+06
6.79067e+06
6.79067e+06
6.79067e+06
6.79067e+06
6.79067e+06
6.79068e+06
6.79068e+06
6.79068e+06
6.79068e+06
6.79068e+06
6.79068e+06
6.79068e+06
6.79069e+06
6.79069e+06
6.79069e+06
6.79069e+06
6.79069e+06
6.79069e+06
6.79069e+06
6.79069e+06
6.7907e+06
6.7907e+06
6.7907e+06
6.7907e+06
6.7907e+06
6.7907e+06
6.7907e+06
6.79071e+06
6.79071e+06
6.79071e+06
6.79071e+06
6.79071e+06
6.79071e+06
6.79071e+06
6.79071e+06
6.79072e+06
6.79072e+06
6.79072e+06
6.79072e+06
6.79072e+06
6.79072e+06
6.79072e+06
6.79072e+06
6.79073e+06
6.79073e+06
6.79073e+06
6.79073e+06
6.79073e+06
6.79073e+06
6.79073e+06
6.79074e+06
6.79074e+06
6.79074e+06
6.79074e+06
6.79074e+06
6.79074e+06
6.79074e+06
6.79074e+06
6.79075e+06
6.79075e+06
6.79075e+06
6.79075e+06
6.79075e+06
6.79075e+06
6.79075e+06
6.79076e+06
6.79076e+06
6.79076e+06
6.79076e+06
6.79076e+06
6.79076e+06
6.79076e+06
6.79076e+06
6.79077e+06
6.79077e+06
6.79077e+06
6.79077e+06
6.79077e+06
6.79077e+06
6.79077e+06
6.79077e+06
6.79078e+06
6.79078e+06
6.79078e+06
6.79078e+06
6.79078e+06
6.79078e+06
6.79078e+06
6.79079e+06
6.79079e+06
6.79079e+06
6.79079e+06
6.79079e+06
6.79079e+06
6.79079e+06
6.79079e+06
6.7908e+06
6.7908e+06
6.7908e+06
6.7908e+06
6.7908e+06
6.7908e+06
6.7908e+06
6.7908e+06
6.79081e+06
6.79081e+06
6.79081e+06
6.79081e+06
6.79081e+06
6.79081e+06
6.79081e+06
6.79082e+06
6.79082e+06
6.79082e+06
6.79082e+06
6.79082e+06
6.79082e+06
6.79082e+06
6.79082e+06
6.79083e+06
6.79083e+06
6.79083e+06
6.79083e+06
6.79083e+06
6.79083e+06
6.79083e+06
6.79083e+06
6.79084e+06
6.79084e+06
6.79084e+06
6.79084e+06
6.79084e+06
6.79084e+06
6.79084e+06
6.79084e+06
6.79085e+06
6.79085e+06
6.79085e+06
6.79085e+06
6.79085e+06
6.79085e+06
6.79085e+06
6.79086e+06
6.79086e+06
6.79086e+06
6.79086e+06
6.79086e+06
6.79086e+06
6.79086e+06
6.79086e+06
6.79087e+06
6.79087e+06
6.79087e+06
6.79087e+06
6.79087e+06
6.79087e+06
6.79087e+06
6.79087e+06
6.79088e+06
6.79088e+06
6.79088e+06
6.79088e+06
6.79088e+06
6.79088e+06
6.79088e+06
6.79088e+06
6.79089e+06
6.79089e+06
6.79089e+06
6.79089e+06
6.79089e+06
6.79089e+06
6.79089e+06
6.7909e+06
6.7909e+06
6.7909e+06
6.7909e+06
6.7909e+06
6.7909e+06
6.7909e+06
6.7909e+06
6.79091e+06
6.79091e+06
6.79091e+06
6.79091e+06
6.79091e+06
6.79091e+06
6.79091e+06
6.79091e+06
6.79092e+06
6.79092e+06
6.79092e+06
6.79092e+06
6.79092e+06
6.79092e+06
6.79092e+06
6.79092e+06
6.79093e+06
6.79093e+06
6.79093e+06
6.79093e+06
6.79093e+06
6.79093e+06
6.79093e+06
6.79093e+06
6.79094e+06
6.79094e+06
6.79094e+06
6.79094e+06
6.79094e+06
6.79094e+06
6.79094e+06
6.79095e+06
6.79095e+06
6.79095e+06
6.79095e+06
6.79095e+06
6.79095e+06
6.79095e+06
6.79095e+06
6.79096e+06
6.79096e+06
6.79096e+06
6.79096e+06
6.79096e+06
6.79096e+06
6.79096e+06
6.79096e+06
6.79097e+06
6.79097e+06
6.79097e+06
6.79097e+06
6.79097e+06
6.79097e+06
6.79097e+06
6.79097e+06
6.79098e+06
6.79098e+06
6.79098e+06
6.79098e+06
6.79098e+06
6.79098e+06
6.79098e+06
6.79098e+06
6.79099e+06
6.79099e+06
6.79099e+06
6.79099e+06
6.79099e+06
6.79099e+06
6.79099e+06
6.79099e+06
6.791e+06
6.791e+06
6.791e+06
6.791e+06
6.791e+06
6.791e+06
6.791e+06
6.791e+06
6.79101e+06
6.79101e+06
6.79101e+06
6.79101e+06
6.79101e+06
6.79101e+06
6.79101e+06
6.79102e+06
6.79102e+06
6.79102e+06
6.79102e+06
6.79102e+06
6.79102e+06
6.79102e+06
6.79102e+06
6.79103e+06
6.79103e+06
6.79103e+06
6.79103e+06
6.79103e+06
6.79103e+06
6.79103e+06
6.79103e+06
6.79104e+06
6.79104e+06
6.79104e+06
6.79104e+06
6.79104e+06
6.79104e+06
6.79104e+06
6.79104e+06
6.79105e+06
6.79105e+06
6.79105e+06
6.79105e+06
6.79105e+06
6.79105e+06
6.79105e+06
6.79105e+06
6.79106e+06
6.79106e+06
6.79106e+06
6.79106e+06
6.79106e+06
6.79106e+06
6.79106e+06
6.79106e+06
6.79107e+06
6.79107e+06
6.79107e+06
6.79107e+06
6.79107e+06
6.79107e+06
6.79107e+06
6.79107e+06
6.79108e+06
6.79108e+06
6.79108e+06
6.79108e+06
6.79108e+06
6.79108e+06
6.79108e+06
6.79108e+06
6.79109e+06
6.79109e+06
6.79109e+06
6.79109e+06
6.79109e+06
6.79109e+06
6.79109e+06
6.79109e+06
6.7911e+06
6.7911e+06
6.7911e+06
6.7911e+06
6.7911e+06
6.7911e+06
6.7911e+06
6.7911e+06
6.79111e+06
6.79111e+06
6.79111e+06
6.79111e+06
6.79111e+06
6.79111e+06
6.79111e+06
6.79111e+06
6.79112e+06
6.79112e+06
6.79112e+06
6.79112e+06
6.79112e+06
6.79112e+06
6.79112e+06
6.79112e+06
6.79113e+06
6.79113e+06
6.79113e+06
6.79113e+06
6.79113e+06
6.79113e+06
6.79113e+06
6.79113e+06
6.79114e+06
6.79114e+06
6.79114e+06
6.79114e+06
6.79114e+06
6.79114e+06
6.79114e+06
6.79114e+06
6.79115e+06
6.79115e+06
6.79115e+06
6.79115e+06
6.79115e+06
6.79115e+06
6.79115e+06
6.79115e+06
6.79116e+06
6.79116e+06
6.79116e+06
6.79116e+06
6.79116e+06
6.79116e+06
6.79116e+06
6.79116e+06
6.79117e+06
6.79117e+06
6.79117e+06
6.79117e+06
6.79117e+06
6.79117e+06
6.79117e+06
6.79117e+06
6.79118e+06
6.79118e+06
6.79118e+06
6.79118e+06
6.79118e+06
6.79118e+06
6.79118e+06
6.79118e+06
6.79118e+06
6.79119e+06
6.79119e+06
6.79119e+06
6.79119e+06
6.79119e+06
6.79119e+06
6.79119e+06
6.79119e+06
6.7912e+06
6.7912e+06
6.7912e+06
6.7912e+06
6.7912e+06
6.7912e+06
6.7912e+06
6.7912e+06
6.79121e+06
6.79121e+06
6.79121e+06
6.79121e+06
6.79121e+06
6.79121e+06
6.79121e+06
6.79121e+06
6.79122e+06
6.79122e+06
6.79122e+06
6.79122e+06
6.79122e+06
6.79122e+06
6.79122e+06
6.79122e+06
6.79123e+06
6.79123e+06
6.79123e+06
6.79123e+06
6.79123e+06
6.79123e+06
6.79123e+06
6.79123e+06
6.79124e+06
6.79124e+06
6.79124e+06
6.79124e+06
6.79124e+06
6.79124e+06
6.79124e+06
6.79124e+06
6.79125e+06
6.79125e+06
6.79125e+06
6.79125e+06
6.79125e+06
6.79125e+06
6.79125e+06
6.79125e+06
6.79125e+06
6.79126e+06
6.79126e+06
6.79126e+06
6.79126e+06
6.79126e+06
6.79126e+06
6.79126e+06
6.79126e+06
6.79127e+06
6.79127e+06
6.79127e+06
6.79127e+06
6.79127e+06
6.79127e+06
6.79127e+06
6.79127e+06
6.79128e+06
6.79128e+06
6.79128e+06
6.79128e+06
6.79128e+06
6.79128e+06
6.79128e+06
6.79128e+06
6.79129e+06
6.79129e+06
6.79129e+06
6.79129e+06
6.79129e+06
6.79129e+06
6.79129e+06
6.79129e+06
6.79129e+06
6.7913e+06
6.7913e+06
6.7913e+06
6.7913e+06
6.7913e+06
6.7913e+06
6.7913e+06
6.7913e+06
6.79131e+06
6.79131e+06
6.79131e+06
6.79131e+06
6.79131e+06
6.79131e+06
6.79131e+06
6.79131e+06
6.79132e+06
6.79132e+06
6.79132e+06
6.79132e+06
6.79132e+06
6.79132e+06
6.79132e+06
6.79132e+06
6.79133e+06
6.79133e+06
6.79133e+06
6.79133e+06
6.79133e+06
6.79133e+06
6.79133e+06
6.79133e+06
6.79133e+06
6.79134e+06
6.79134e+06
6.79134e+06
6.79134e+06
6.79134e+06
6.79134e+06
6.79134e+06
6.79134e+06
6.79135e+06
6.79135e+06
6.79135e+06
6.79135e+06
6.79135e+06
6.79135e+06
6.79135e+06
6.79135e+06
6.79136e+06
6.79136e+06
6.79136e+06
6.79136e+06
6.79136e+06
6.79136e+06
6.79136e+06
6.79136e+06
6.79136e+06
6.79137e+06
6.79137e+06
6.79137e+06
6.79137e+06
6.79137e+06
6.79137e+06
6.79137e+06
6.79137e+06
6.79138e+06
6.79138e+06
6.79138e+06
6.79138e+06
6.79138e+06
6.79138e+06
6.79138e+06
6.79138e+06
6.79139e+06
6.79139e+06
6.79139e+06
6.79139e+06
6.79139e+06
6.79139e+06
6.79139e+06
6.79139e+06
6.79139e+06
6.7914e+06
6.7914e+06
6.7914e+06
6.7914e+06
6.7914e+06
6.7914e+06
6.7914e+06
6.7914e+06
6.79141e+06
6.79141e+06
6.79141e+06
6.79141e+06
6.79141e+06
6.79141e+06
6.79141e+06
6.79141e+06
6.79142e+06
6.79142e+06
6.79142e+06
6.79142e+06
6.79142e+06
6.79142e+06
6.79142e+06
6.79142e+06
6.79142e+06
6.79143e+06
6.79143e+06
6.79143e+06
6.79143e+06
6.79143e+06
6.79143e+06
6.79143e+06
6.79143e+06
6.79144e+06
6.79144e+06
6.79144e+06
6.79144e+06
6.79144e+06
6.79144e+06
6.79144e+06
6.79144e+06
6.79144e+06
6.79145e+06
6.79145e+06
6.79145e+06
6.79145e+06
6.79145e+06
6.79145e+06
6.79145e+06
6.79145e+06
6.79146e+06
6.79146e+06
6.79146e+06
6.79146e+06
6.79146e+06
6.79146e+06
6.79146e+06
6.79146e+06
6.79146e+06
6.79147e+06
6.79147e+06
6.79147e+06
6.79147e+06
6.79147e+06
6.79147e+06
6.79147e+06
6.79147e+06
6.79148e+06
6.79148e+06
6.79148e+06
6.79148e+06
6.79148e+06
6.79148e+06
6.79148e+06
6.79148e+06
6.79148e+06
6.79149e+06
6.79149e+06
6.79149e+06
6.79149e+06
6.79149e+06
6.79149e+06
6.79149e+06
6.79149e+06
6.7915e+06
6.7915e+06
6.7915e+06
6.7915e+06
6.7915e+06
6.7915e+06
6.7915e+06
6.7915e+06
6.7915e+06
6.79151e+06
6.79151e+06
6.79151e+06
6.79151e+06
6.79151e+06
6.79151e+06
6.79151e+06
6.79151e+06
6.79152e+06
6.79152e+06
6.79152e+06
6.79152e+06
6.79152e+06
6.79152e+06
6.79152e+06
6.79152e+06
6.79152e+06
6.79153e+06
6.79153e+06
6.79153e+06
6.79153e+06
6.79153e+06
6.79153e+06
6.79153e+06
6.79153e+06
6.79154e+06
6.79154e+06
6.79154e+06
6.79154e+06
6.79154e+06
6.79154e+06
6.79154e+06
6.79154e+06
6.79154e+06
6.79155e+06
6.79155e+06
6.79155e+06
6.79155e+06
6.79155e+06
6.79155e+06
6.79155e+06
6.79155e+06
6.79156e+06
6.79156e+06
6.79156e+06
6.79156e+06
6.79156e+06
6.79156e+06
6.79156e+06
6.79156e+06
6.79156e+06
6.79157e+06
6.79157e+06
6.79157e+06
6.79157e+06
6.79157e+06
6.79157e+06
6.79157e+06
6.79157e+06
6.79157e+06
6.79158e+06
6.79158e+06
6.79158e+06
6.79158e+06
6.79158e+06
6.79158e+06
6.79158e+06
6.79158e+06
6.79159e+06
6.79159e+06
6.79159e+06
6.79159e+06
6.79159e+06
6.79159e+06
6.79159e+06
6.79159e+06
6.79159e+06
6.7916e+06
6.7916e+06
6.7916e+06
6.7916e+06
6.7916e+06
6.7916e+06
6.7916e+06
6.7916e+06
6.7916e+06
6.79161e+06
6.79161e+06
6.79161e+06
6.79161e+06
6.79161e+06
6.79161e+06
6.79161e+06
6.79161e+06
6.79162e+06
6.79162e+06
6.79162e+06
6.79162e+06
6.79162e+06
6.79162e+06
6.79162e+06
6.79162e+06
6.79162e+06
6.79163e+06
6.79163e+06
6.79163e+06
6.79163e+06
6.79163e+06
6.79163e+06
6.79163e+06
6.79163e+06
6.79163e+06
6.79164e+06
6.79164e+06
6.79164e+06
6.79164e+06
6.79164e+06
6.79164e+06
6.79164e+06
6.79164e+06
6.79165e+06
6.79165e+06
6.79165e+06
6.79165e+06
6.79165e+06
6.79165e+06
6.79165e+06
6.79165e+06
6.79165e+06
6.79166e+06
6.79166e+06
6.79166e+06
6.79166e+06
6.79166e+06
6.79166e+06
6.79166e+06
6.79166e+06
6.79166e+06
6.79167e+06
6.79167e+06
6.79167e+06
6.79167e+06
6.79167e+06
6.79167e+06
6.79167e+06
6.79167e+06
6.79167e+06
6.79168e+06
6.79168e+06
6.79168e+06
6.79168e+06
6.79168e+06
6.79168e+06
6.79168e+06
6.79168e+06
6.79169e+06
6.79169e+06
6.79169e+06
6.79169e+06
6.79169e+06
6.79169e+06
6.79169e+06
6.79169e+06
6.79169e+06
6.7917e+06
6.7917e+06
6.7917e+06
6.7917e+06
6.7917e+06
6.7917e+06
6.7917e+06
6.7917e+06
6.7917e+06
6.79171e+06
6.79171e+06
6.79171e+06
6.79171e+06
6.79171e+06
6.79171e+06
6.79171e+06
6.79171e+06
6.79171e+06
6.79172e+06
6.79172e+06
6.79172e+06
6.79172e+06
6.79172e+06
6.79172e+06
6.79172e+06
6.79172e+06
6.79172e+06
6.79173e+06
6.79173e+06
6.79173e+06
6.79173e+06
6.79173e+06
6.79173e+06
6.79173e+06
6.79173e+06
6.79173e+06
6.79174e+06
6.79174e+06
6.79174e+06
6.79174e+06
6.79174e+06
6.79174e+06
6.79174e+06
6.79174e+06
6.79175e+06
6.79175e+06
6.79175e+06
6.79175e+06
6.79175e+06
6.79175e+06
6.79175e+06
6.79175e+06
6.79175e+06
6.79176e+06
6.79176e+06
6.79176e+06
6.79176e+06
6.79176e+06
6.79176e+06
6.79176e+06
6.79176e+06
6.79176e+06
6.79177e+06
6.79177e+06
6.79177e+06
6.79177e+06
6.79177e+06
6.79177e+06
6.79177e+06
6.79177e+06
6.79177e+06
6.79178e+06
6.79178e+06
6.79178e+06
6.79178e+06
6.79178e+06
6.79178e+06
6.79178e+06
6.79178e+06
6.79178e+06
6.79179e+06
6.79179e+06
6.79179e+06
6.79179e+06
6.79179e+06
6.79179e+06
6.79179e+06
6.79179e+06
6.79179e+06
6.7918e+06
6.7918e+06
6.7918e+06
6.7918e+06
6.7918e+06
6.7918e+06
6.7918e+06
6.7918e+06
6.7918e+06
6.79181e+06
6.79181e+06
6.79181e+06
6.79181e+06
6.79181e+06
6.79181e+06
6.79181e+06
6.79181e+06
6.79181e+06
6.79182e+06
6.79182e+06
6.79182e+06
6.79182e+06
6.79182e+06
6.79182e+06
6.79182e+06
6.79182e+06
6.79182e+06
6.79183e+06
6.79183e+06
6.79183e+06
6.79183e+06
6.79183e+06
6.79183e+06
6.79183e+06
6.79183e+06
6.79183e+06
6.79184e+06
6.79184e+06
6.79184e+06
6.79184e+06
6.79184e+06
6.79184e+06
6.79184e+06
6.79184e+06
6.79184e+06
6.79185e+06
6.79185e+06
6.79185e+06
6.79185e+06
6.79185e+06
6.79185e+06
6.79185e+06
6.79185e+06
6.79185e+06
6.79186e+06
6.79186e+06
6.79186e+06
6.79186e+06
6.79186e+06
6.79186e+06
6.79186e+06
6.79186e+06
6.79186e+06
6.79187e+06
6.79187e+06
6.79187e+06
6.79187e+06
6.79187e+06
6.79187e+06
6.79187e+06
6.79187e+06
6.79187e+06
6.79188e+06
6.79188e+06
6.79188e+06
6.79188e+06
6.79188e+06
6.79188e+06
6.79188e+06
6.79188e+06
6.79188e+06
6.79189e+06
6.79189e+06
6.79189e+06
6.79189e+06
6.79189e+06
6.79189e+06
6.79189e+06
6.79189e+06
6.79189e+06
6.79189e+06
6.7919e+06
6.7919e+06
6.7919e+06
6.7919e+06
6.7919e+06
6.7919e+06
6.7919e+06
6.7919e+06
6.7919e+06
6.79191e+06
6.79191e+06
6.79191e+06
6.79191e+06
6.79191e+06
6.79191e+06
6.79191e+06
6.79191e+06
6.79191e+06
6.79192e+06
6.79192e+06
6.79192e+06
6.79192e+06
6.79192e+06
6.79192e+06
6.79192e+06
6.79192e+06
6.79192e+06
6.79193e+06
6.79193e+06
6.79193e+06
6.79193e+06
6.79193e+06
6.79193e+06
6.79193e+06
6.79193e+06
6.79193e+06
6.79194e+06
6.79194e+06
6.79194e+06
6.79194e+06
6.79194e+06
6.79194e+06
6.79194e+06
6.79194e+06
6.79194e+06
6.79194e+06
6.79195e+06
6.79195e+06
6.79195e+06
6.79195e+06
6.79195e+06
6.79195e+06
6.79195e+06
6.79195e+06
6.79195e+06
6.79196e+06
6.79196e+06
6.79196e+06
6.79196e+06
6.79196e+06
6.79196e+06
6.79196e+06
6.79196e+06
6.79196e+06
6.79197e+06
6.79197e+06
6.79197e+06
6.79197e+06
6.79197e+06
6.79197e+06
6.79197e+06
6.79197e+06
6.79197e+06
6.79198e+06
6.79198e+06
6.79198e+06
6.79198e+06
6.79198e+06
6.79198e+06
6.79198e+06
6.79198e+06
6.79198e+06
6.79198e+06
6.79199e+06
6.79199e+06
6.79199e+06
6.79199e+06
6.79199e+06
6.79199e+06
6.79199e+06
6.79199e+06
6.79199e+06
6.792e+06
6.792e+06
6.792e+06
6.792e+06
6.792e+06
6.792e+06
6.792e+06
6.792e+06
6.792e+06
6.79201e+06
6.79201e+06
6.79201e+06
6.79201e+06
6.79201e+06
6.79201e+06
6.79201e+06
6.79201e+06
6.79201e+06
6.79201e+06
6.79202e+06
6.79202e+06
6.79202e+06
6.79202e+06
6.79202e+06
6.79202e+06
6.79202e+06
6.79202e+06
6.79202e+06
6.79203e+06
6.79203e+06
6.79203e+06
6.79203e+06
6.79203e+06
6.79203e+06
6.79203e+06
6.79203e+06
6.79203e+06
6.79204e+06
6.79204e+06
6.79204e+06
6.79204e+06
6.79204e+06
6.79204e+06
6.79204e+06
6.79204e+06
6.79204e+06
6.79204e+06
6.79205e+06
6.79205e+06
6.79205e+06
6.79205e+06
6.79205e+06
6.79205e+06
6.79205e+06
6.79205e+06
6.79205e+06
6.79206e+06
6.79206e+06
6.79206e+06
6.79206e+06
6.79206e+06
6.79206e+06
6.79206e+06
6.79206e+06
6.79206e+06
6.79206e+06
6.79207e+06
6.79207e+06
6.79207e+06
6.79207e+06
6.79207e+06
6.79207e+06
6.79207e+06
6.79207e+06
6.79207e+06
6.79208e+06
6.79208e+06
6.79208e+06
6.79208e+06
6.79208e+06
6.79208e+06
6.79208e+06
6.79208e+06
6.79208e+06
6.79208e+06
6.79209e+06
6.79209e+06
6.79209e+06
6.79209e+06
6.79209e+06
6.79209e+06
6.79209e+06
6.79209e+06
6.79209e+06
6.7921e+06
6.7921e+06
6.7921e+06
6.7921e+06
6.7921e+06
6.7921e+06
6.7921e+06
6.7921e+06
6.7921e+06
6.7921e+06
6.79211e+06
6.79211e+06
6.79211e+06
6.79211e+06
6.79211e+06
6.79211e+06
6.79211e+06
6.79211e+06
6.79211e+06
6.79212e+06
6.79212e+06
6.79212e+06
6.79212e+06
6.79212e+06
6.79212e+06
6.79212e+06
6.79212e+06
6.79212e+06
6.79212e+06
6.79213e+06
6.79213e+06
6.79213e+06
6.79213e+06
6.79213e+06
6.79213e+06
6.79213e+06
6.79213e+06
6.79213e+06
6.79214e+06
6.79214e+06
6.79214e+06
6.79214e+06
6.79214e+06
6.79214e+06
6.79214e+06
6.79214e+06
6.79214e+06
6.79214e+06
6.79215e+06
6.79215e+06
6.79215e+06
6.79215e+06
6.79215e+06
6.79215e+06
6.79215e+06
6.79215e+06
6.79215e+06
6.79215e+06
6.79216e+06
6.79216e+06
6.79216e+06
6.79216e+06
6.79216e+06
6.79216e+06
6.79216e+06
6.79216e+06
6.79216e+06
6.79217e+06
6.79217e+06
6.79217e+06
6.79217e+06
6.79217e+06
6.79217e+06
6.79217e+06
6.79217e+06
6.79217e+06
6.79217e+06
6.79218e+06
6.79218e+06
6.79218e+06
6.79218e+06
6.79218e+06
6.79218e+06
6.79218e+06
6.79218e+06
6.79218e+06
6.79218e+06
6.79219e+06
6.79219e+06
6.79219e+06
6.79219e+06
6.79219e+06
6.79219e+06
6.79219e+06
6.79219e+06
6.79219e+06
6.7922e+06
6.7922e+06
6.7922e+06
6.7922e+06
6.7922e+06
6.7922e+06
6.7922e+06
6.7922e+06
6.7922e+06
6.7922e+06
6.79221e+06
6.79221e+06
6.79221e+06
6.79221e+06
6.79221e+06
6.79221e+06
6.79221e+06
6.79221e+06
6.79221e+06
6.79221e+06
6.79222e+06
6.79222e+06
6.79222e+06
6.79222e+06
6.79222e+06
6.79222e+06
6.79222e+06
6.79222e+06
6.79222e+06
6.79222e+06
6.79223e+06
6.79223e+06
6.79223e+06
6.79223e+06
6.79223e+06
6.79223e+06
6.79223e+06
6.79223e+06
6.79223e+06
6.79224e+06
6.79224e+06
6.79224e+06
6.79224e+06
6.79224e+06
6.79224e+06
6.79224e+06
6.79224e+06
6.79224e+06
6.79224e+06
6.79225e+06
6.79225e+06
6.79225e+06
6.79225e+06
6.79225e+06
6.79225e+06
6.79225e+06
6.79225e+06
6.79225e+06
6.79225e+06
6.79226e+06
6.79226e+06
6.79226e+06
6.79226e+06
6.79226e+06
6.79226e+06
6.79226e+06
6.79226e+06
6.79226e+06
6.79226e+06
6.79227e+06
6.79227e+06
6.79227e+06
6.79227e+06
6.79227e+06
6.79227e+06
6.79227e+06
6.79227e+06
6.79227e+06
6.79227e+06
6.79228e+06
6.79228e+06
6.79228e+06
6.79228e+06
6.79228e+06
6.79228e+06
6.79228e+06
6.79228e+06
6.79228e+06
6.79228e+06
6.79229e+06
6.79229e+06
6.79229e+06
6.79229e+06
6.79229e+06
6.79229e+06
6.79229e+06
6.79229e+06
6.79229e+06
6.79229e+06
6.7923e+06
6.7923e+06
6.7923e+06
6.7923e+06
6.7923e+06
6.7923e+06
6.7923e+06
6.7923e+06
6.7923e+06
6.7923e+06
6.79231e+06
6.79231e+06
6.79231e+06
6.79231e+06
6.79231e+06
6.79231e+06
6.79231e+06
6.79231e+06
6.79231e+06
6.79232e+06
6.79232e+06
6.79232e+06
6.79232e+06
6.79232e+06
6.79232e+06
6.79232e+06
6.79232e+06
6.79232e+06
6.79232e+06
6.79233e+06
6.79233e+06
6.79233e+06
6.79233e+06
6.79233e+06
6.79233e+06
6.79233e+06
6.79233e+06
6.79233e+06
6.79233e+06
6.79234e+06
6.79234e+06
6.79234e+06
6.79234e+06
6.79234e+06
6.79234e+06
6.79234e+06
6.79234e+06
6.79234e+06
6.79234e+06
6.79234e+06
6.79235e+06
6.79235e+06
6.79235e+06
6.79235e+06
6.79235e+06
6.79235e+06
6.79235e+06
6.79235e+06
6.79235e+06
6.79235e+06
6.79236e+06
6.79236e+06
6.79236e+06
6.79236e+06
6.79236e+06
6.79236e+06
6.79236e+06
6.79236e+06
6.79236e+06
6.79236e+06
6.79237e+06
6.79237e+06
6.79237e+06
6.79237e+06
6.79237e+06
6.79237e+06
6.79237e+06
6.79237e+06
6.79237e+06
6.79237e+06
6.79238e+06
6.79238e+06
6.79238e+06
6.79238e+06
6.79238e+06
6.79238e+06
6.79238e+06
6.79238e+06
6.79238e+06
6.79238e+06
6.79239e+06
6.79239e+06
6.79239e+06
6.79239e+06
6.79239e+06
6.79239e+06
6.79239e+06
6.79239e+06
6.79239e+06
6.79239e+06
6.7924e+06
6.7924e+06
6.7924e+06
6.7924e+06
6.7924e+06
6.7924e+06
6.7924e+06
6.7924e+06
6.7924e+06
6.7924e+06
6.79241e+06
6.79241e+06
6.79241e+06
6.79241e+06
6.79241e+06
6.79241e+06
6.79241e+06
6.79241e+06
6.79241e+06
6.79241e+06
6.79242e+06
6.79242e+06
6.79242e+06
6.79242e+06
6.79242e+06
6.79242e+06
6.79242e+06
6.79242e+06
6.79242e+06
6.79242e+06
6.79242e+06
6.79243e+06
6.79243e+06
6.79243e+06
6.79243e+06
6.79243e+06
6.79243e+06
6.79243e+06
6.79243e+06
6.79243e+06
6.79243e+06
6.79244e+06
6.79244e+06
6.79244e+06
6.79244e+06
6.79244e+06
6.79244e+06
6.79244e+06
6.79244e+06
6.79244e+06
6.79244e+06
6.79245e+06
6.79245e+06
6.79245e+06
6.79245e+06
6.79245e+06
6.79245e+06
6.79245e+06
6.79245e+06
6.79245e+06
6.79245e+06
6.79245e+06
6.79246e+06
6.79246e+06
6.79246e+06
6.79246e+06
6.79246e+06
6.79246e+06
6.79246e+06
6.79246e+06
6.79246e+06
6.79246e+06
6.79247e+06
6.79247e+06
6.79247e+06
6.79247e+06
6.79247e+06
6.79247e+06
6.79247e+06
6.79247e+06
6.79247e+06
6.79247e+06
6.79248e+06
6.79248e+06
6.79248e+06
6.79248e+06
6.79248e+06
6.79248e+06
6.79248e+06
6.79248e+06
6.79248e+06
6.79248e+06
6.79248e+06
6.79249e+06
6.79249e+06
6.79249e+06
6.79249e+06
6.79249e+06
6.79249e+06
6.79249e+06
6.79249e+06
6.79249e+06
6.79249e+06
6.7925e+06
6.7925e+06
6.7925e+06
6.7925e+06
6.7925e+06
6.7925e+06
6.7925e+06
6.7925e+06
6.7925e+06
6.7925e+06
6.79251e+06
6.79251e+06
6.79251e+06
6.79251e+06
6.79251e+06
6.79251e+06
6.79251e+06
6.79251e+06
6.79251e+06
6.79251e+06
6.79251e+06
6.79252e+06
6.79252e+06
6.79252e+06
6.79252e+06
6.79252e+06
6.79252e+06
6.79252e+06
6.79252e+06
6.79252e+06
6.79252e+06
6.79253e+06
6.79253e+06
6.79253e+06
6.79253e+06
6.79253e+06
6.79253e+06
6.79253e+06
6.79253e+06
6.79253e+06
6.79253e+06
6.79253e+06
6.79254e+06
6.79254e+06
6.79254e+06
6.79254e+06
6.79254e+06
6.79254e+06
6.79254e+06
6.79254e+06
6.79254e+06
6.79254e+06
6.79255e+06
6.79255e+06
6.79255e+06
6.79255e+06
6.79255e+06
6.79255e+06
6.79255e+06
6.79255e+06
6.79255e+06
6.79255e+06
6.79255e+06
6.79256e+06
6.79256e+06
6.79256e+06
6.79256e+06
6.79256e+06
6.79256e+06
6.79256e+06
6.79256e+06
6.79256e+06
6.79256e+06
6.79256e+06
6.79257e+06
6.79257e+06
6.79257e+06
6.79257e+06
6.79257e+06
6.79257e+06
6.79257e+06
6.79257e+06
6.79257e+06
6.79257e+06
6.79258e+06
6.79258e+06
6.79258e+06
6.79258e+06
6.79258e+06
6.79258e+06
6.79258e+06
6.79258e+06
6.79258e+06
6.79258e+06
6.79258e+06
6.79259e+06
6.79259e+06
6.79259e+06
6.79259e+06
6.79259e+06
6.79259e+06
6.79259e+06
6.79259e+06
6.79259e+06
6.79259e+06
6.79259e+06
6.7926e+06
6.7926e+06
6.7926e+06
6.7926e+06
6.7926e+06
6.7926e+06
6.7926e+06
6.7926e+06
6.7926e+06
6.7926e+06
6.79261e+06
6.79261e+06
6.79261e+06
6.79261e+06
6.79261e+06
6.79261e+06
6.79261e+06
6.79261e+06
6.79261e+06
6.79261e+06
6.79261e+06
6.79262e+06
6.79262e+06
6.79262e+06
6.79262e+06
6.79262e+06
6.79262e+06
6.79262e+06
6.79262e+06
6.79262e+06
6.79262e+06
6.79262e+06
6.79263e+06
6.79263e+06
6.79263e+06
6.79263e+06
6.79263e+06
6.79263e+06
6.79263e+06
6.79263e+06
6.79263e+06
6.79263e+06
6.79264e+06
6.79264e+06
6.79264e+06
6.79264e+06
6.79264e+06
6.79264e+06
6.79264e+06
6.79264e+06
6.79264e+06
6.79264e+06
6.79264e+06
6.79265e+06
6.79265e+06
6.79265e+06
6.79265e+06
6.79265e+06
6.79265e+06
6.79265e+06
6.79265e+06
6.79265e+06
6.79265e+06
6.79265e+06
6.79266e+06
6.79266e+06
6.79266e+06
6.79266e+06
6.79266e+06
6.79266e+06
6.79266e+06
6.79266e+06
6.79266e+06
6.79266e+06
6.79266e+06
6.79267e+06
6.79267e+06
6.79267e+06
6.79267e+06
6.79267e+06
6.79267e+06
6.79267e+06
6.79267e+06
6.79267e+06
6.79267e+06
6.79267e+06
6.79268e+06
6.79268e+06
6.79268e+06
6.79268e+06
6.79268e+06
6.79268e+06
6.79268e+06
6.79268e+06
6.79268e+06
6.79268e+06
6.79268e+06
6.79269e+06
6.79269e+06
6.79269e+06
6.79269e+06
6.79269e+06
6.79269e+06
6.79269e+06
6.79269e+06
6.79269e+06
6.79269e+06
6.79269e+06
6.7927e+06
6.7927e+06
6.7927e+06
6.7927e+06
6.7927e+06
6.7927e+06
6.7927e+06
6.7927e+06
6.7927e+06
6.7927e+06
6.7927e+06
6.79271e+06
6.79271e+06
6.79271e+06
6.79271e+06
6.79271e+06
6.79271e+06
6.79271e+06
6.79271e+06
6.79271e+06
6.79271e+06
6.79271e+06
6.79272e+06
6.79272e+06
6.79272e+06
6.79272e+06
6.79272e+06
6.79272e+06
6.79272e+06
6.79272e+06
6.79272e+06
6.79272e+06
6.79272e+06
6.79273e+06
6.79273e+06
6.79273e+06
6.79273e+06
6.79273e+06
6.79273e+06
6.79273e+06
6.79273e+06
6.79273e+06
6.79273e+06
6.79273e+06
6.79274e+06
6.79274e+06
6.79274e+06
6.79274e+06
6.79274e+06
6.79274e+06
6.79274e+06
6.79274e+06
6.79274e+06
6.79274e+06
6.79274e+06
6.79275e+06
6.79275e+06
6.79275e+06
6.79275e+06
6.79275e+06
6.79275e+06
6.79275e+06
6.79275e+06
6.79275e+06
6.79275e+06
6.79275e+06
6.79276e+06
6.79276e+06
6.79276e+06
6.79276e+06
6.79276e+06
6.79276e+06
6.79276e+06
6.79276e+06
6.79276e+06
6.79276e+06
6.79276e+06
6.79277e+06
6.79277e+06
6.79277e+06
6.79277e+06
6.79277e+06
6.79277e+06
6.79277e+06
6.79277e+06
6.79277e+06
6.79277e+06
6.79277e+06
6.79277e+06
6.79278e+06
6.79278e+06
6.79278e+06
6.79278e+06
6.79278e+06
6.79278e+06
6.79278e+06
6.79278e+06
6.79278e+06
6.79278e+06
6.79278e+06
6.79279e+06
6.79279e+06
6.79279e+06
6.79279e+06
6.79279e+06
6.79279e+06
6.79279e+06
6.79279e+06
6.79279e+06
6.79279e+06
6.79279e+06
6.7928e+06
6.7928e+06
6.7928e+06
6.7928e+06
6.7928e+06
6.7928e+06
6.7928e+06
6.7928e+06
6.7928e+06
6.7928e+06
6.7928e+06
6.79281e+06
6.79281e+06
6.79281e+06
6.79281e+06
6.79281e+06
6.79281e+06
6.79281e+06
6.79281e+06
6.79281e+06
6.79281e+06
6.79281e+06
6.79281e+06
6.79282e+06
6.79282e+06
6.79282e+06
6.79282e+06
6.79282e+06
6.79282e+06
6.79282e+06
6.79282e+06
6.79282e+06
6.79282e+06
6.79282e+06
6.79283e+06
6.79283e+06
6.79283e+06
6.79283e+06
6.79283e+06
6.79283e+06
6.79283e+06
6.79283e+06
6.79283e+06
6.79283e+06
6.79283e+06
6.79284e+06
6.79284e+06
6.79284e+06
6.79284e+06
6.79284e+06
6.79284e+06
6.79284e+06
6.79284e+06
6.79284e+06
6.79284e+06
6.79284e+06
6.79284e+06
6.79285e+06
6.79285e+06
6.79285e+06
6.79285e+06
6.79285e+06
6.79285e+06
6.79285e+06
6.79285e+06
6.79285e+06
6.79285e+06
6.79285e+06
6.79286e+06
6.79286e+06
6.79286e+06
6.79286e+06
6.79286e+06
6.79286e+06
6.79286e+06
6.79286e+06
6.79286e+06
6.79286e+06
6.79286e+06
6.79286e+06
6.79287e+06
6.79287e+06
6.79287e+06
6.79287e+06
6.79287e+06
6.79287e+06
6.79287e+06
6.79287e+06
6.79287e+06
6.79287e+06
6.79287e+06
6.79288e+06
6.79288e+06
6.79288e+06
6.79288e+06
6.79288e+06
6.79288e+06
6.79288e+06
6.79288e+06
6.79288e+06
6.79288e+06
6.79288e+06
6.79288e+06
6.79289e+06
6.79289e+06
6.79289e+06
6.79289e+06
6.79289e+06
6.79289e+06
6.79289e+06
6.79289e+06
6.79289e+06
6.79289e+06
6.79289e+06
6.79289e+06
6.7929e+06
6.7929e+06
6.7929e+06
6.7929e+06
6.7929e+06
6.7929e+06
6.7929e+06
6.7929e+06
6.7929e+06
6.7929e+06
6.7929e+06
6.79291e+06
6.79291e+06
6.79291e+06
6.79291e+06
6.79291e+06
6.79291e+06
6.79291e+06
6.79291e+06
6.79291e+06
6.79291e+06
6.79291e+06
6.79291e+06
6.79292e+06
6.79292e+06
6.79292e+06
6.79292e+06
6.79292e+06
6.79292e+06
6.79292e+06
6.79292e+06
6.79292e+06
6.79292e+06
6.79292e+06
6.79292e+06
6.79293e+06
6.79293e+06
6.79293e+06
6.79293e+06
6.79293e+06
6.79293e+06
6.79293e+06
6.79293e+06
6.79293e+06
6.79293e+06
6.79293e+06
6.79294e+06
6.79294e+06
6.79294e+06
6.79294e+06
6.79294e+06
6.79294e+06
6.79294e+06
6.79294e+06
6.79294e+06
6.79294e+06
6.79294e+06
6.79294e+06
6.79295e+06
6.79295e+06
6.79295e+06
6.79295e+06
6.79295e+06
6.79295e+06
6.79295e+06
6.79295e+06
6.79295e+06
6.79295e+06
6.79295e+06
6.79295e+06
6.79296e+06
6.79296e+06
6.79296e+06
6.79296e+06
6.79296e+06
6.79296e+06
6.79296e+06
6.79296e+06
6.79296e+06
6.79296e+06
6.79296e+06
6.79296e+06
6.79297e+06
6.79297e+06
6.79297e+06
6.79297e+06
6.79297e+06
6.79297e+06
6.79297e+06
6.79297e+06
6.79297e+06
6.79297e+06
6.79297e+06
6.79297e+06
6.79298e+06
6.79298e+06
6.79298e+06
6.79298e+06
6.79298e+06
6.79298e+06
6.79298e+06
6.79298e+06
6.79298e+06
6.79298e+06
6.79298e+06
6.79298e+06
6.79299e+06
6.79299e+06
6.79299e+06
6.79299e+06
6.79299e+06
6.79299e+06
6.79299e+06
6.79299e+06
6.79299e+06
6.79299e+06
6.79299e+06
6.793e+06
6.793e+06
6.793e+06
6.793e+06
6.793e+06
6.793e+06
6.793e+06
6.793e+06
6.793e+06
6.793e+06
6.793e+06
6.793e+06
6.79301e+06
6.79301e+06
6.79301e+06
6.79301e+06
6.79301e+06
6.79301e+06
6.79301e+06
6.79301e+06
6.79301e+06
6.79301e+06
6.79301e+06
6.79301e+06
6.79301e+06
6.79302e+06
6.79302e+06
6.79302e+06
6.79302e+06
6.79302e+06
6.79302e+06
6.79302e+06
6.79302e+06
6.79302e+06
6.79302e+06
6.79302e+06
6.79302e+06
6.79303e+06
6.79303e+06
6.79303e+06
6.79303e+06
6.79303e+06
6.79303e+06
6.79303e+06
6.79303e+06
6.79303e+06
6.79303e+06
6.79303e+06
6.79303e+06
6.79304e+06
6.79304e+06
6.79304e+06
6.79304e+06
6.79304e+06
6.79304e+06
6.79304e+06
6.79304e+06
6.79304e+06
6.79304e+06
6.79304e+06
6.79304e+06
6.79305e+06
6.79305e+06
6.79305e+06
6.79305e+06
6.79305e+06
6.79305e+06
6.79305e+06
6.79305e+06
6.79305e+06
6.79305e+06
6.79305e+06
6.79305e+06
6.79306e+06
6.79306e+06
6.79306e+06
6.79306e+06
6.79306e+06
6.79306e+06
6.79306e+06
6.79306e+06
6.79306e+06
6.79306e+06
6.79306e+06
6.79306e+06
6.79307e+06
6.79307e+06
6.79307e+06
6.79307e+06
6.79307e+06
6.79307e+06
6.79307e+06
6.79307e+06
6.79307e+06
6.79307e+06
6.79307e+06
6.79307e+06
6.79307e+06
6.79308e+06
6.79308e+06
6.79308e+06
6.79308e+06
6.79308e+06
6.79308e+06
6.79308e+06
6.79308e+06
6.79308e+06
6.79308e+06
6.79308e+06
6.79308e+06
6.79309e+06
6.79309e+06
6.79309e+06
6.79309e+06
6.79309e+06
6.79309e+06
6.79309e+06
6.79309e+06
6.79309e+06
6.79309e+06
6.79309e+06
6.79309e+06
6.7931e+06
6.7931e+06
6.7931e+06
6.7931e+06
6.7931e+06
6.7931e+06
6.7931e+06
6.7931e+06
6.7931e+06
6.7931e+06
6.7931e+06
6.7931e+06
6.7931e+06
6.79311e+06
6.79311e+06
6.79311e+06
6.79311e+06
6.79311e+06
6.79311e+06
6.79311e+06
6.79311e+06
6.79311e+06
6.79311e+06
6.79311e+06
6.79311e+06
6.79312e+06
6.79312e+06
6.79312e+06
6.79312e+06
6.79312e+06
6.79312e+06
6.79312e+06
6.79312e+06
6.79312e+06
6.79312e+06
6.79312e+06
6.79312e+06
6.79312e+06
6.79313e+06
6.79313e+06
6.79313e+06
6.79313e+06
6.79313e+06
6.79313e+06
6.79313e+06
6.79313e+06
6.79313e+06
6.79313e+06
6.79313e+06
6.79313e+06
6.79314e+06
6.79314e+06
6.79314e+06
6.79314e+06
6.79314e+06
6.79314e+06
6.79314e+06
6.79314e+06
6.79314e+06
6.79314e+06
6.79314e+06
6.79314e+06
6.79314e+06
6.79315e+06
6.79315e+06
6.79315e+06
6.79315e+06
6.79315e+06
6.79315e+06
6.79315e+06
6.79315e+06
6.79315e+06
6.79315e+06
6.79315e+06
6.79315e+06
6.79316e+06
6.79316e+06
6.79316e+06
6.79316e+06
6.79316e+06
6.79316e+06
6.79316e+06
6.79316e+06
6.79316e+06
6.79316e+06
6.79316e+06
6.79316e+06
6.79316e+06
6.79317e+06
6.79317e+06
6.79317e+06
6.79317e+06
6.79317e+06
6.79317e+06
6.79317e+06
6.79317e+06
6.79317e+06
6.79317e+06
6.79317e+06
6.79317e+06
6.79317e+06
6.79318e+06
6.79318e+06
6.79318e+06
6.79318e+06
6.79318e+06
6.79318e+06
6.79318e+06
6.79318e+06
6.79318e+06
6.79318e+06
6.79318e+06
6.79318e+06
6.79319e+06
6.79319e+06
6.79319e+06
6.79319e+06
6.79319e+06
6.79319e+06
6.79319e+06
6.79319e+06
6.79319e+06
6.79319e+06
6.79319e+06
6.79319e+06
6.79319e+06
6.7932e+06
6.7932e+06
6.7932e+06
6.7932e+06
6.7932e+06
6.7932e+06
6.7932e+06
6.7932e+06
6.7932e+06
6.7932e+06
6.7932e+06
6.7932e+06
6.7932e+06
6.79321e+06
6.79321e+06
6.79321e+06
6.79321e+06
6.79321e+06
6.79321e+06
6.79321e+06
6.79321e+06
6.79321e+06
6.79321e+06
6.79321e+06
6.79321e+06
6.79321e+06
6.79322e+06
6.79322e+06
6.79322e+06
6.79322e+06
6.79322e+06
6.79322e+06
6.79322e+06
6.79322e+06
6.79322e+06
6.79322e+06
6.79322e+06
6.79322e+06
6.79322e+06
6.79323e+06
6.79323e+06
6.79323e+06
6.79323e+06
6.79323e+06
6.79323e+06
6.79323e+06
6.79323e+06
6.79323e+06
6.79323e+06
6.79323e+06
6.79323e+06
6.79323e+06
6.79324e+06
6.79324e+06
6.79324e+06
6.79324e+06
6.79324e+06
6.79324e+06
6.79324e+06
6.79324e+06
6.79324e+06
6.79324e+06
6.79324e+06
6.79324e+06
6.79324e+06
6.79325e+06
6.79325e+06
6.79325e+06
6.79325e+06
6.79325e+06
6.79325e+06
6.79325e+06
6.79325e+06
6.79325e+06
6.79325e+06
6.79325e+06
6.79325e+06
6.79325e+06
6.79326e+06
6.79326e+06
6.79326e+06
6.79326e+06
6.79326e+06
6.79326e+06
6.79326e+06
6.79326e+06
6.79326e+06
6.79326e+06
6.79326e+06
6.79326e+06
6.79326e+06
6.79327e+06
6.79327e+06
6.79327e+06
6.79327e+06
6.79327e+06
6.79327e+06
6.79327e+06
6.79327e+06
6.79327e+06
6.79327e+06
6.79327e+06
6.79327e+06
6.79327e+06
6.79328e+06
6.79328e+06
6.79328e+06
6.79328e+06
6.79328e+06
6.79328e+06
6.79328e+06
6.79328e+06
6.79328e+06
6.79328e+06
6.79328e+06
6.79328e+06
6.79328e+06
6.79329e+06
6.79329e+06
6.79329e+06
6.79329e+06
6.79329e+06
6.79329e+06
6.79329e+06
6.79329e+06
6.79329e+06
6.79329e+06
6.79329e+06
6.79329e+06
6.79329e+06
6.7933e+06
6.7933e+06
6.7933e+06
6.7933e+06
6.7933e+06
6.7933e+06
6.7933e+06
6.7933e+06
6.7933e+06
6.7933e+06
6.7933e+06
6.7933e+06
6.7933e+06
6.7933e+06
6.79331e+06
6.79331e+06
6.79331e+06
6.79331e+06
6.79331e+06
6.79331e+06
6.79331e+06
6.79331e+06
6.79331e+06
6.79331e+06
6.79331e+06
6.79331e+06
6.79331e+06
6.79332e+06
6.79332e+06
6.79332e+06
6.79332e+06
6.79332e+06
6.79332e+06
6.79332e+06
6.79332e+06
6.79332e+06
6.79332e+06
6.79332e+06
6.79332e+06
6.79332e+06
6.79333e+06
6.79333e+06
6.79333e+06
6.79333e+06
6.79333e+06
6.79333e+06
6.79333e+06
6.79333e+06
6.79333e+06
6.79333e+06
6.79333e+06
6.79333e+06
6.79333e+06
6.79333e+06
6.79334e+06
6.79334e+06
6.79334e+06
6.79334e+06
6.79334e+06
6.79334e+06
6.79334e+06
6.79334e+06
6.79334e+06
6.79334e+06
6.79334e+06
6.79334e+06
6.79334e+06
6.79335e+06
6.79335e+06
6.79335e+06
6.79335e+06
6.79335e+06
6.79335e+06
6.79335e+06
6.79335e+06
6.79335e+06
6.79335e+06
6.79335e+06
6.79335e+06
6.79335e+06
6.79335e+06
6.79336e+06
6.79336e+06
6.79336e+06
6.79336e+06
6.79336e+06
6.79336e+06
6.79336e+06
6.79336e+06
6.79336e+06
6.79336e+06
6.79336e+06
6.79336e+06
6.79336e+06
6.79336e+06
6.79337e+06
6.79337e+06
6.79337e+06
6.79337e+06
6.79337e+06
6.79337e+06
6.79337e+06
6.79337e+06
6.79337e+06
6.79337e+06
6.79337e+06
6.79337e+06
6.79337e+06
6.79338e+06
6.79338e+06
6.79338e+06
6.79338e+06
6.79338e+06
6.79338e+06
6.79338e+06
6.79338e+06
6.79338e+06
6.79338e+06
6.79338e+06
6.79338e+06
6.79338e+06
6.79338e+06
6.79339e+06
6.79339e+06
6.79339e+06
6.79339e+06
6.79339e+06
6.79339e+06
6.79339e+06
6.79339e+06
6.79339e+06
6.79339e+06
6.79339e+06
6.79339e+06
6.79339e+06
6.79339e+06
6.7934e+06
6.7934e+06
6.7934e+06
6.7934e+06
6.7934e+06
6.7934e+06
6.7934e+06
6.7934e+06
6.7934e+06
6.7934e+06
6.7934e+06
6.7934e+06
6.7934e+06
6.79341e+06
6.79341e+06
6.79341e+06
6.79341e+06
6.79341e+06
6.79341e+06
6.79341e+06
6.79341e+06
6.79341e+06
6.79341e+06
6.79341e+06
6.79341e+06
6.79341e+06
6.79341e+06
6.79342e+06
6.79342e+06
6.79342e+06
6.79342e+06
6.79342e+06
6.79342e+06
6.79342e+06
6.79342e+06
6.79342e+06
6.79342e+06
6.79342e+06
6.79342e+06
6.79342e+06
6.79342e+06
6.79343e+06
6.79343e+06
6.79343e+06
6.79343e+06
6.79343e+06
6.79343e+06
6.79343e+06
6.79343e+06
6.79343e+06
6.79343e+06
6.79343e+06
6.79343e+06
6.79343e+06
6.79343e+06
6.79344e+06
6.79344e+06
6.79344e+06
6.79344e+06
6.79344e+06
6.79344e+06
6.79344e+06
6.79344e+06
6.79344e+06
6.79344e+06
6.79344e+06
6.79344e+06
6.79344e+06
6.79344e+06
6.79345e+06
6.79345e+06
6.79345e+06
6.79345e+06
6.79345e+06
6.79345e+06
6.79345e+06
6.79345e+06
6.79345e+06
6.79345e+06
6.79345e+06
6.79345e+06
6.79345e+06
6.79345e+06
6.79346e+06
6.79346e+06
6.79346e+06
6.79346e+06
6.79346e+06
6.79346e+06
6.79346e+06
6.79346e+06
6.79346e+06
6.79346e+06
6.79346e+06
6.79346e+06
6.79346e+06
6.79346e+06
6.79346e+06
6.79347e+06
6.79347e+06
6.79347e+06
6.79347e+06
6.79347e+06
6.79347e+06
6.79347e+06
6.79347e+06
6.79347e+06
6.79347e+06
6.79347e+06
6.79347e+06
6.79347e+06
6.79347e+06
6.79348e+06
6.79348e+06
6.79348e+06
6.79348e+06
6.79348e+06
6.79348e+06
6.79348e+06
6.79348e+06
6.79348e+06
6.79348e+06
6.79348e+06
6.79348e+06
6.79348e+06
6.79348e+06
6.79349e+06
6.79349e+06
6.79349e+06
6.79349e+06
6.79349e+06
6.79349e+06
6.79349e+06
6.79349e+06
6.79349e+06
6.79349e+06
6.79349e+06
6.79349e+06
6.79349e+06
6.79349e+06
6.7935e+06
6.7935e+06
6.7935e+06
6.7935e+06
6.7935e+06
6.7935e+06
6.7935e+06
6.7935e+06
6.7935e+06
6.7935e+06
6.7935e+06
6.7935e+06
6.7935e+06
6.7935e+06
6.7935e+06
6.79351e+06
6.79351e+06
6.79351e+06
6.79351e+06
6.79351e+06
6.79351e+06
6.79351e+06
6.79351e+06
6.79351e+06
6.79351e+06
6.79351e+06
6.79351e+06
6.79351e+06
6.79351e+06
6.79352e+06
6.79352e+06
6.79352e+06
6.79352e+06
6.79352e+06
6.79352e+06
6.79352e+06
6.79352e+06
6.79352e+06
6.79352e+06
6.79352e+06
6.79352e+06
6.79352e+06
6.79352e+06
6.79352e+06
6.79353e+06
6.79353e+06
6.79353e+06
6.79353e+06
6.79353e+06
6.79353e+06
6.79353e+06
6.79353e+06
6.79353e+06
6.79353e+06
6.79353e+06
6.79353e+06
6.79353e+06
6.79353e+06
6.79354e+06
6.79354e+06
6.79354e+06
6.79354e+06
6.79354e+06
6.79354e+06
6.79354e+06
6.79354e+06
6.79354e+06
6.79354e+06
6.79354e+06
6.79354e+06
6.79354e+06
6.79354e+06
6.79354e+06
6.79355e+06
6.79355e+06
6.79355e+06
6.79355e+06
6.79355e+06
6.79355e+06
6.79355e+06
6.79355e+06
6.79355e+06
6.79355e+06
6.79355e+06
6.79355e+06
6.79355e+06
6.79355e+06
6.79355e+06
6.79356e+06
6.79356e+06
6.79356e+06
6.79356e+06
6.79356e+06
6.79356e+06
6.79356e+06
6.79356e+06
6.79356e+06
6.79356e+06
6.79356e+06
6.79356e+06
6.79356e+06
6.79356e+06
6.79357e+06
6.79357e+06
6.79357e+06
6.79357e+06
6.79357e+06
6.79357e+06
6.79357e+06
6.79357e+06
6.79357e+06
6.79357e+06
6.79357e+06
6.79357e+06
6.79357e+06
6.79357e+06
6.79357e+06
6.79358e+06
6.79358e+06
6.79358e+06
6.79358e+06
6.79358e+06
6.79358e+06
6.79358e+06
6.79358e+06
6.79358e+06
6.79358e+06
6.79358e+06
6.79358e+06
6.79358e+06
6.79358e+06
6.79358e+06
6.79359e+06
6.79359e+06
6.79359e+06
6.79359e+06
6.79359e+06
6.79359e+06
6.79359e+06
6.79359e+06
6.79359e+06
6.79359e+06
6.79359e+06
6.79359e+06
6.79359e+06
6.79359e+06
6.79359e+06
6.7936e+06
6.7936e+06
6.7936e+06
6.7936e+06
6.7936e+06
6.7936e+06
6.7936e+06
6.7936e+06
6.7936e+06
6.7936e+06
6.7936e+06
6.7936e+06
6.7936e+06
6.7936e+06
6.7936e+06
6.79361e+06
6.79361e+06
6.79361e+06
6.79361e+06
6.79361e+06
6.79361e+06
6.79361e+06
6.79361e+06
6.79361e+06
6.79361e+06
6.79361e+06
6.79361e+06
6.79361e+06
6.79361e+06
6.79361e+06
6.79362e+06
6.79362e+06
6.79362e+06
6.79362e+06
6.79362e+06
6.79362e+06
6.79362e+06
6.79362e+06
6.79362e+06
6.79362e+06
6.79362e+06
6.79362e+06
6.79362e+06
6.79362e+06
6.79362e+06
6.79363e+06
6.79363e+06
6.79363e+06
6.79363e+06
6.79363e+06
6.79363e+06
6.79363e+06
6.79363e+06
6.79363e+06
6.79363e+06
6.79363e+06
6.79363e+06
6.79363e+06
6.79363e+06
6.79363e+06
6.79363e+06
6.79364e+06
6.79364e+06
6.79364e+06
6.79364e+06
6.79364e+06
6.79364e+06
6.79364e+06
6.79364e+06
6.79364e+06
6.79364e+06
6.79364e+06
6.79364e+06
6.79364e+06
6.79364e+06
6.79364e+06
6.79365e+06
6.79365e+06
6.79365e+06
6.79365e+06
6.79365e+06
6.79365e+06
6.79365e+06
6.79365e+06
6.79365e+06
6.79365e+06
6.79365e+06
6.79365e+06
6.79365e+06
6.79365e+06
6.79365e+06
6.79366e+06
6.79366e+06
6.79366e+06
6.79366e+06
6.79366e+06
6.79366e+06
6.79366e+06
6.79366e+06
6.79366e+06
6.79366e+06
6.79366e+06
6.79366e+06
6.79366e+06
6.79366e+06
6.79366e+06
6.79366e+06
6.79367e+06
6.79367e+06
6.79367e+06
6.79367e+06
6.79367e+06
6.79367e+06
6.79367e+06
6.79367e+06
6.79367e+06
6.79367e+06
6.79367e+06
6.79367e+06
6.79367e+06
6.79367e+06
6.79367e+06
6.79368e+06
6.79368e+06
6.79368e+06
6.79368e+06
6.79368e+06
6.79368e+06
6.79368e+06
6.79368e+06
6.79368e+06
6.79368e+06
6.79368e+06
6.79368e+06
6.79368e+06
6.79368e+06
6.79368e+06
6.79368e+06
6.79369e+06
6.79369e+06
6.79369e+06
6.79369e+06
6.79369e+06
6.79369e+06
6.79369e+06
6.79369e+06
6.79369e+06
6.79369e+06
6.79369e+06
6.79369e+06
6.79369e+06
6.79369e+06
6.79369e+06
6.79369e+06
6.7937e+06
6.7937e+06
6.7937e+06
6.7937e+06
6.7937e+06
6.7937e+06
6.7937e+06
6.7937e+06
6.7937e+06
6.7937e+06
6.7937e+06
6.7937e+06
6.7937e+06
6.7937e+06
6.7937e+06
6.79371e+06
6.79371e+06
6.79371e+06
6.79371e+06
6.79371e+06
6.79371e+06
6.79371e+06
6.79371e+06
6.79371e+06
6.79371e+06
6.79371e+06
6.79371e+06
6.79371e+06
6.79371e+06
6.79371e+06
6.79371e+06
6.79372e+06
6.79372e+06
6.79372e+06
6.79372e+06
6.79372e+06
6.79372e+06
6.79372e+06
6.79372e+06
6.79372e+06
6.79372e+06
6.79372e+06
6.79372e+06
6.79372e+06
6.79372e+06
6.79372e+06
6.79372e+06
6.79373e+06
6.79373e+06
6.79373e+06
6.79373e+06
6.79373e+06
6.79373e+06
6.79373e+06
6.79373e+06
6.79373e+06
6.79373e+06
6.79373e+06
6.79373e+06
6.79373e+06
6.79373e+06
6.79373e+06
6.79373e+06
6.79374e+06
6.79374e+06
6.79374e+06
6.79374e+06
6.79374e+06
6.79374e+06
6.79374e+06
6.79374e+06
6.79374e+06
6.79374e+06
6.79374e+06
6.79374e+06
6.79374e+06
6.79374e+06
6.79374e+06
6.79374e+06
6.79375e+06
6.79375e+06
6.79375e+06
6.79375e+06
6.79375e+06
6.79375e+06
6.79375e+06
6.79375e+06
6.79375e+06
6.79375e+06
6.79375e+06
6.79375e+06
6.79375e+06
6.79375e+06
6.79375e+06
6.79375e+06
6.79376e+06
6.79376e+06
6.79376e+06
6.79376e+06
6.79376e+06
6.79376e+06
6.79376e+06
6.79376e+06
6.79376e+06
6.79376e+06
6.79376e+06
6.79376e+06
6.79376e+06
6.79376e+06
6.79376e+06
6.79376e+06
6.79377e+06
6.79377e+06
6.79377e+06
6.79377e+06
6.79377e+06
6.79377e+06
6.79377e+06
6.79377e+06
6.79377e+06
6.79377e+06
6.79377e+06
6.79377e+06
6.79377e+06
6.79377e+06
6.79377e+06
6.79377e+06
6.79377e+06
6.79378e+06
6.79378e+06
6.79378e+06
6.79378e+06
6.79378e+06
6.79378e+06
6.79378e+06
6.79378e+06
6.79378e+06
6.79378e+06
6.79378e+06
6.79378e+06
6.79378e+06
6.79378e+06
6.79378e+06
6.79378e+06
6.79379e+06
6.79379e+06
6.79379e+06
6.79379e+06
6.79379e+06
6.79379e+06
6.79379e+06
6.79379e+06
6.79379e+06
6.79379e+06
6.79379e+06
6.79379e+06
6.79379e+06
6.79379e+06
6.79379e+06
6.79379e+06
6.79379e+06
6.7938e+06
6.7938e+06
6.7938e+06
6.7938e+06
6.7938e+06
6.7938e+06
6.7938e+06
6.7938e+06
6.7938e+06
6.7938e+06
6.7938e+06
6.7938e+06
6.7938e+06
6.7938e+06
6.7938e+06
6.7938e+06
6.79381e+06
6.79381e+06
6.79381e+06
6.79381e+06
6.79381e+06
6.79381e+06
6.79381e+06
6.79381e+06
6.79381e+06
6.79381e+06
6.79381e+06
6.79381e+06
6.79381e+06
6.79381e+06
6.79381e+06
6.79381e+06
6.79381e+06
6.79382e+06
6.79382e+06
6.79382e+06
6.79382e+06
6.79382e+06
6.79382e+06
6.79382e+06
6.79382e+06
6.79382e+06
6.79382e+06
6.79382e+06
6.79382e+06
6.79382e+06
6.79382e+06
6.79382e+06
6.79382e+06
6.79383e+06
6.79383e+06
6.79383e+06
6.79383e+06
6.79383e+06
6.79383e+06
6.79383e+06
6.79383e+06
6.79383e+06
6.79383e+06
6.79383e+06
6.79383e+06
6.79383e+06
6.79383e+06
6.79383e+06
6.79383e+06
6.79383e+06
6.79384e+06
6.79384e+06
6.79384e+06
6.79384e+06
6.79384e+06
6.79384e+06
6.79384e+06
6.79384e+06
6.79384e+06
6.79384e+06
6.79384e+06
6.79384e+06
6.79384e+06
6.79384e+06
6.79384e+06
6.79384e+06
6.79384e+06
6.79385e+06
6.79385e+06
6.79385e+06
6.79385e+06
6.79385e+06
6.79385e+06
6.79385e+06
6.79385e+06
6.79385e+06
6.79385e+06
6.79385e+06
6.79385e+06
6.79385e+06
6.79385e+06
6.79385e+06
6.79385e+06
6.79385e+06
6.79386e+06
6.79386e+06
6.79386e+06
6.79386e+06
6.79386e+06
6.79386e+06
6.79386e+06
6.79386e+06
6.79386e+06
6.79386e+06
6.79386e+06
6.79386e+06
6.79386e+06
6.79386e+06
6.79386e+06
6.79386e+06
6.79386e+06
6.79387e+06
6.79387e+06
6.79387e+06
6.79387e+06
6.79387e+06
6.79387e+06
6.79387e+06
6.79387e+06
6.79387e+06
6.79387e+06
6.79387e+06
6.79387e+06
6.79387e+06
6.79387e+06
6.79387e+06
6.79387e+06
6.79387e+06
6.79388e+06
6.79388e+06
6.79388e+06
6.79388e+06
6.79388e+06
6.79388e+06
6.79388e+06
6.79388e+06
6.79388e+06
6.79388e+06
6.79388e+06
6.79388e+06
6.79388e+06
6.79388e+06
6.79388e+06
6.79388e+06
6.79388e+06
6.79388e+06
6.79389e+06
6.79389e+06
6.79389e+06
6.79389e+06
6.79389e+06
6.79389e+06
6.79389e+06
6.79389e+06
6.79389e+06
6.79389e+06
6.79389e+06
6.79389e+06
6.79389e+06
6.79389e+06
6.79389e+06
6.79389e+06
6.79389e+06
6.7939e+06
6.7939e+06
6.7939e+06
6.7939e+06
6.7939e+06
6.7939e+06
6.7939e+06
6.7939e+06
6.7939e+06
6.7939e+06
6.7939e+06
6.7939e+06
6.7939e+06
6.7939e+06
6.7939e+06
6.7939e+06
6.7939e+06
6.79391e+06
6.79391e+06
6.79391e+06
6.79391e+06
6.79391e+06
6.79391e+06
6.79391e+06
6.79391e+06
6.79391e+06
6.79391e+06
6.79391e+06
6.79391e+06
6.79391e+06
6.79391e+06
6.79391e+06
6.79391e+06
6.79391e+06
6.79391e+06
6.79392e+06
6.79392e+06
6.79392e+06
6.79392e+06
6.79392e+06
6.79392e+06
6.79392e+06
6.79392e+06
6.79392e+06
6.79392e+06
6.79392e+06
6.79392e+06
6.79392e+06
6.79392e+06
6.79392e+06
6.79392e+06
6.79392e+06
6.79392e+06
6.79393e+06
6.79393e+06
6.79393e+06
6.79393e+06
6.79393e+06
6.79393e+06
6.79393e+06
6.79393e+06
6.79393e+06
6.79393e+06
6.79393e+06
6.79393e+06
6.79393e+06
6.79393e+06
6.79393e+06
6.79393e+06
6.79393e+06
6.79394e+06
6.79394e+06
6.79394e+06
6.79394e+06
6.79394e+06
6.79394e+06
6.79394e+06
6.79394e+06
6.79394e+06
6.79394e+06
6.79394e+06
6.79394e+06
6.79394e+06
6.79394e+06
6.79394e+06
6.79394e+06
6.79394e+06
6.79394e+06
6.79395e+06
6.79395e+06
6.79395e+06
6.79395e+06
6.79395e+06
6.79395e+06
6.79395e+06
6.79395e+06
6.79395e+06
6.79395e+06
6.79395e+06
6.79395e+06
6.79395e+06
6.79395e+06
6.79395e+06
6.79395e+06
6.79395e+06
6.79395e+06
6.79396e+06
6.79396e+06
6.79396e+06
6.79396e+06
6.79396e+06
6.79396e+06
6.79396e+06
6.79396e+06
6.79396e+06
6.79396e+06
6.79396e+06
6.79396e+06
6.79396e+06
6.79396e+06
6.79396e+06
6.79396e+06
6.79396e+06
6.79396e+06
6.79397e+06
6.79397e+06
6.79397e+06
6.79397e+06
6.79397e+06
6.79397e+06
6.79397e+06
6.79397e+06
6.79397e+06
6.79397e+06
6.79397e+06
6.79397e+06
6.79397e+06
6.79397e+06
6.79397e+06
6.79397e+06
6.79397e+06
6.79397e+06
6.79398e+06
6.79398e+06
6.79398e+06
6.79398e+06
6.79398e+06
6.79398e+06
6.79398e+06
6.79398e+06
6.79398e+06
6.79398e+06
6.79398e+06
6.79398e+06
6.79398e+06
6.79398e+06
6.79398e+06
6.79398e+06
6.79398e+06
6.79398e+06
6.79399e+06
6.79399e+06
6.79399e+06
6.79399e+06
6.79399e+06
6.79399e+06
6.79399e+06
6.79399e+06
6.79399e+06
6.79399e+06
6.79399e+06
6.79399e+06
6.79399e+06
6.79399e+06
6.79399e+06
6.79399e+06
6.79399e+06
6.79399e+06
6.79399e+06
6.794e+06
6.794e+06
6.794e+06
6.794e+06
6.794e+06
6.794e+06
6.794e+06
6.794e+06
6.794e+06
6.794e+06
6.794e+06
6.794e+06
6.794e+06
6.794e+06
6.794e+06
6.794e+06
6.794e+06
6.794e+06
6.79401e+06
6.79401e+06
6.79401e+06
6.79401e+06
6.79401e+06
6.79401e+06
6.79401e+06
6.79401e+06
6.79401e+06
6.79401e+06
6.79401e+06
6.79401e+06
6.79401e+06
6.79401e+06
6.79401e+06
6.79401e+06
6.79401e+06
6.79401e+06
6.79401e+06
6.79402e+06
6.79402e+06
6.79402e+06
6.79402e+06
6.79402e+06
6.79402e+06
6.79402e+06
6.79402e+06
6.79402e+06
6.79402e+06
6.79402e+06
6.79402e+06
6.79402e+06
6.79402e+06
6.79402e+06
6.79402e+06
6.79402e+06
6.79402e+06
6.79402e+06
6.79403e+06
6.79403e+06
6.79403e+06
6.79403e+06
6.79403e+06
6.79403e+06
6.79403e+06
6.79403e+06
6.79403e+06
6.79403e+06
6.79403e+06
6.79403e+06
6.79403e+06
6.79403e+06
6.79403e+06
6.79403e+06
6.79403e+06
6.79403e+06
6.79404e+06
6.79404e+06
6.79404e+06
6.79404e+06
6.79404e+06
6.79404e+06
6.79404e+06
6.79404e+06
6.79404e+06
6.79404e+06
6.79404e+06
6.79404e+06
6.79404e+06
6.79404e+06
6.79404e+06
6.79404e+06
6.79404e+06
6.79404e+06
6.79404e+06
6.79405e+06
6.79405e+06
6.79405e+06
6.79405e+06
6.79405e+06
6.79405e+06
6.79405e+06
6.79405e+06
6.79405e+06
6.79405e+06
6.79405e+06
6.79405e+06
6.79405e+06
6.79405e+06
6.79405e+06
6.79405e+06
6.79405e+06
6.79405e+06
6.79405e+06
6.79406e+06
6.79406e+06
6.79406e+06
6.79406e+06
6.79406e+06
6.79406e+06
6.79406e+06
6.79406e+06
6.79406e+06
6.79406e+06
6.79406e+06
6.79406e+06
6.79406e+06
6.79406e+06
6.79406e+06
6.79406e+06
6.79406e+06
6.79406e+06
6.79406e+06
6.79407e+06
6.79407e+06
6.79407e+06
6.79407e+06
6.79407e+06
6.79407e+06
6.79407e+06
6.79407e+06
6.79407e+06
6.79407e+06
6.79407e+06
6.79407e+06
6.79407e+06
6.79407e+06
6.79407e+06
6.79407e+06
6.79407e+06
6.79407e+06
6.79407e+06
6.79407e+06
6.79408e+06
6.79408e+06
6.79408e+06
6.79408e+06
6.79408e+06
6.79408e+06
6.79408e+06
6.79408e+06
6.79408e+06
6.79408e+06
6.79408e+06
6.79408e+06
6.79408e+06
6.79408e+06
6.79408e+06
6.79408e+06
6.79408e+06
6.79408e+06
6.79408e+06
6.79409e+06
6.79409e+06
6.79409e+06
6.79409e+06
6.79409e+06
6.79409e+06
6.79409e+06
6.79409e+06
6.79409e+06
6.79409e+06
6.79409e+06
6.79409e+06
6.79409e+06
6.79409e+06
6.79409e+06
6.79409e+06
6.79409e+06
6.79409e+06
6.79409e+06
6.79409e+06
6.7941e+06
6.7941e+06
6.7941e+06
6.7941e+06
6.7941e+06
6.7941e+06
6.7941e+06
6.7941e+06
6.7941e+06
6.7941e+06
6.7941e+06
6.7941e+06
6.7941e+06
6.7941e+06
6.7941e+06
6.7941e+06
6.7941e+06
6.7941e+06
6.7941e+06
6.79411e+06
6.79411e+06
6.79411e+06
6.79411e+06
6.79411e+06
6.79411e+06
6.79411e+06
6.79411e+06
6.79411e+06
6.79411e+06
6.79411e+06
6.79411e+06
6.79411e+06
6.79411e+06
6.79411e+06
6.79411e+06
6.79411e+06
6.79411e+06
6.79411e+06
6.79411e+06
6.79412e+06
6.79412e+06
6.79412e+06
6.79412e+06
6.79412e+06
6.79412e+06
6.79412e+06
6.79412e+06
6.79412e+06
6.79412e+06
6.79412e+06
6.79412e+06
6.79412e+06
6.79412e+06
6.79412e+06
6.79412e+06
6.79412e+06
6.79412e+06
6.79412e+06
6.79412e+06
6.79413e+06
6.79413e+06
6.79413e+06
6.79413e+06
6.79413e+06
6.79413e+06
6.79413e+06
6.79413e+06
6.79413e+06
6.79413e+06
6.79413e+06
6.79413e+06
6.79413e+06
6.79413e+06
6.79413e+06
6.79413e+06
6.79413e+06
6.79413e+06
6.79413e+06
6.79413e+06
6.79414e+06
6.79414e+06
6.79414e+06
6.79414e+06
6.79414e+06
6.79414e+06
6.79414e+06
6.79414e+06
6.79414e+06
6.79414e+06
6.79414e+06
6.79414e+06
6.79414e+06
6.79414e+06
6.79414e+06
6.79414e+06
6.79414e+06
6.79414e+06
6.79414e+06
6.79414e+06
6.79415e+06
6.79415e+06
6.79415e+06
6.79415e+06
6.79415e+06
6.79415e+06
6.79415e+06
6.79415e+06
6.79415e+06
6.79415e+06
6.79415e+06
6.79415e+06
6.79415e+06
6.79415e+06
6.79415e+06
6.79415e+06
6.79415e+06
6.79415e+06
6.79415e+06
6.79415e+06
6.79416e+06
6.79416e+06
6.79416e+06
6.79416e+06
6.79416e+06
6.79416e+06
6.79416e+06
6.79416e+06
6.79416e+06
6.79416e+06
6.79416e+06
6.79416e+06
6.79416e+06
6.79416e+06
6.79416e+06
6.79416e+06
6.79416e+06
6.79416e+06
6.79416e+06
6.79416e+06
6.79416e+06
6.79417e+06
6.79417e+06
6.79417e+06
6.79417e+06
6.79417e+06
6.79417e+06
6.79417e+06
6.79417e+06
6.79417e+06
6.79417e+06
6.79417e+06
6.79417e+06
6.79417e+06
6.79417e+06
6.79417e+06
6.79417e+06
6.79417e+06
6.79417e+06
6.79417e+06
6.79417e+06
6.79418e+06
6.79418e+06
6.79418e+06
6.79418e+06
6.79418e+06
6.79418e+06
6.79418e+06
6.79418e+06
6.79418e+06
6.79418e+06
6.79418e+06
6.79418e+06
6.79418e+06
6.79418e+06
6.79418e+06
6.79418e+06
6.79418e+06
6.79418e+06
6.79418e+06
6.79418e+06
6.79418e+06
6.79419e+06
6.79419e+06
6.79419e+06
6.79419e+06
6.79419e+06
6.79419e+06
6.79419e+06
6.79419e+06
6.79419e+06
6.79419e+06
6.79419e+06
6.79419e+06
6.79419e+06
6.79419e+06
6.79419e+06
6.79419e+06
6.79419e+06
6.79419e+06
6.79419e+06
6.79419e+06
6.79419e+06
6.7942e+06
6.7942e+06
6.7942e+06
6.7942e+06
6.7942e+06
6.7942e+06
6.7942e+06
6.7942e+06
6.7942e+06
6.7942e+06
6.7942e+06
6.7942e+06
6.7942e+06
6.7942e+06
6.7942e+06
6.7942e+06
6.7942e+06
6.7942e+06
6.7942e+06
6.7942e+06
6.7942e+06
6.79421e+06
6.79421e+06
6.79421e+06
6.79421e+06
6.79421e+06
6.79421e+06
6.79421e+06
6.79421e+06
6.79421e+06
6.79421e+06
6.79421e+06
6.79421e+06
6.79421e+06
6.79421e+06
6.79421e+06
6.79421e+06
6.79421e+06
6.79421e+06
6.79421e+06
6.79421e+06
6.79421e+06
6.79422e+06
6.79422e+06
6.79422e+06
6.79422e+06
6.79422e+06
6.79422e+06
6.79422e+06
6.79422e+06
6.79422e+06
6.79422e+06
6.79422e+06
6.79422e+06
6.79422e+06
6.79422e+06
6.79422e+06
6.79422e+06
6.79422e+06
6.79422e+06
6.79422e+06
6.79422e+06
6.79422e+06
6.79423e+06
6.79423e+06
6.79423e+06
6.79423e+06
6.79423e+06
6.79423e+06
6.79423e+06
6.79423e+06
6.79423e+06
6.79423e+06
6.79423e+06
6.79423e+06
6.79423e+06
6.79423e+06
6.79423e+06
6.79423e+06
6.79423e+06
6.79423e+06
6.79423e+06
6.79423e+06
6.79423e+06
6.79423e+06
6.79424e+06
6.79424e+06
6.79424e+06
6.79424e+06
6.79424e+06
6.79424e+06
6.79424e+06
6.79424e+06
6.79424e+06
6.79424e+06
6.79424e+06
6.79424e+06
6.79424e+06
6.79424e+06
6.79424e+06
6.79424e+06
6.79424e+06
6.79424e+06
6.79424e+06
6.79424e+06
6.79424e+06
6.79425e+06
6.79425e+06
6.79425e+06
6.79425e+06
6.79425e+06
6.79425e+06
6.79425e+06
6.79425e+06
6.79425e+06
6.79425e+06
6.79425e+06
6.79425e+06
6.79425e+06
6.79425e+06
6.79425e+06
6.79425e+06
6.79425e+06
6.79425e+06
6.79425e+06
6.79425e+06
6.79425e+06
6.79425e+06
6.79426e+06
6.79426e+06
6.79426e+06
6.79426e+06
6.79426e+06
6.79426e+06
6.79426e+06
6.79426e+06
6.79426e+06
6.79426e+06
6.79426e+06
6.79426e+06
6.79426e+06
6.79426e+06
6.79426e+06
6.79426e+06
6.79426e+06
6.79426e+06
6.79426e+06
6.79426e+06
6.79426e+06
6.79426e+06
6.79427e+06
6.79427e+06
6.79427e+06
6.79427e+06
6.79427e+06
6.79427e+06
6.79427e+06
6.79427e+06
6.79427e+06
6.79427e+06
6.79427e+06
6.79427e+06
6.79427e+06
6.79427e+06
6.79427e+06
6.79427e+06
6.79427e+06
6.79427e+06
6.79427e+06
6.79427e+06
6.79427e+06
6.79427e+06
6.79428e+06
6.79428e+06
6.79428e+06
6.79428e+06
6.79428e+06
6.79428e+06
6.79428e+06
6.79428e+06
6.79428e+06
6.79428e+06
6.79428e+06
6.79428e+06
6.79428e+06
6.79428e+06
6.79428e+06
6.79428e+06
6.79428e+06
6.79428e+06
6.79428e+06
6.79428e+06
6.79428e+06
6.79428e+06
6.79429e+06
6.79429e+06
6.79429e+06
6.79429e+06
6.79429e+06
6.79429e+06
6.79429e+06
6.79429e+06
6.79429e+06
6.79429e+06
6.79429e+06
6.79429e+06
6.79429e+06
6.79429e+06
6.79429e+06
6.79429e+06
6.79429e+06
6.79429e+06
6.79429e+06
6.79429e+06
6.79429e+06
6.79429e+06
6.7943e+06
6.7943e+06
6.7943e+06
6.7943e+06
6.7943e+06
6.7943e+06
6.7943e+06
6.7943e+06
6.7943e+06
6.7943e+06
6.7943e+06
6.7943e+06
6.7943e+06
6.7943e+06
6.7943e+06
6.7943e+06
6.7943e+06
6.7943e+06
6.7943e+06
6.7943e+06
6.7943e+06
6.7943e+06
6.7943e+06
6.79431e+06
6.79431e+06
6.79431e+06
6.79431e+06
6.79431e+06
6.79431e+06
6.79431e+06
6.79431e+06
6.79431e+06
6.79431e+06
6.79431e+06
6.79431e+06
6.79431e+06
6.79431e+06
6.79431e+06
6.79431e+06
6.79431e+06
6.79431e+06
6.79431e+06
6.79431e+06
6.79431e+06
6.79431e+06
6.79432e+06
6.79432e+06
6.79432e+06
6.79432e+06
6.79432e+06
6.79432e+06
6.79432e+06
6.79432e+06
6.79432e+06
6.79432e+06
6.79432e+06
6.79432e+06
6.79432e+06
6.79432e+06
6.79432e+06
6.79432e+06
6.79432e+06
6.79432e+06
6.79432e+06
6.79432e+06
6.79432e+06
6.79432e+06
6.79432e+06
6.79433e+06
6.79433e+06
6.79433e+06
6.79433e+06
6.79433e+06
6.79433e+06
6.79433e+06
6.79433e+06
6.79433e+06
6.79433e+06
6.79433e+06
6.79433e+06
6.79433e+06
6.79433e+06
6.79433e+06
6.79433e+06
6.79433e+06
6.79433e+06
6.79433e+06
6.79433e+06
6.79433e+06
6.79433e+06
6.79433e+06
6.79434e+06
6.79434e+06
6.79434e+06
6.79434e+06
6.79434e+06
6.79434e+06
6.79434e+06
6.79434e+06
6.79434e+06
6.79434e+06
6.79434e+06
6.79434e+06
6.79434e+06
6.79434e+06
6.79434e+06
6.79434e+06
6.79434e+06
6.79434e+06
6.79434e+06
6.79434e+06
6.79434e+06
6.79434e+06
6.79434e+06
6.79435e+06
6.79435e+06
6.79435e+06
6.79435e+06
6.79435e+06
6.79435e+06
6.79435e+06
6.79435e+06
6.79435e+06
6.79435e+06
6.79435e+06
6.79435e+06
6.79435e+06
6.79435e+06
6.79435e+06
6.79435e+06
6.79435e+06
6.79435e+06
6.79435e+06
6.79435e+06
6.79435e+06
6.79435e+06
6.79435e+06
6.79435e+06
6.79436e+06
6.79436e+06
6.79436e+06
6.79436e+06
6.79436e+06
6.79436e+06
6.79436e+06
6.79436e+06
6.79436e+06
6.79436e+06
6.79436e+06
6.79436e+06
6.79436e+06
6.79436e+06
6.79436e+06
6.79436e+06
6.79436e+06
6.79436e+06
6.79436e+06
6.79436e+06
6.79436e+06
6.79436e+06
6.79436e+06
6.79437e+06
6.79437e+06
6.79437e+06
6.79437e+06
6.79437e+06
6.79437e+06
6.79437e+06
6.79437e+06
6.79437e+06
6.79437e+06
6.79437e+06
6.79437e+06
6.79437e+06
6.79437e+06
6.79437e+06
6.79437e+06
6.79437e+06
6.79437e+06
6.79437e+06
6.79437e+06
6.79437e+06
6.79437e+06
6.79437e+06
6.79437e+06
6.79438e+06
6.79438e+06
6.79438e+06
6.79438e+06
6.79438e+06
6.79438e+06
6.79438e+06
6.79438e+06
6.79438e+06
6.79438e+06
6.79438e+06
6.79438e+06
6.79438e+06
6.79438e+06
6.79438e+06
6.79438e+06
6.79438e+06
6.79438e+06
6.79438e+06
6.79438e+06
6.79438e+06
6.79438e+06
6.79438e+06
6.79438e+06
6.79439e+06
6.79439e+06
6.79439e+06
6.79439e+06
6.79439e+06
6.79439e+06
6.79439e+06
6.79439e+06
6.79439e+06
6.79439e+06
6.79439e+06
6.79439e+06
6.79439e+06
6.79439e+06
6.79439e+06
6.79439e+06
6.79439e+06
6.79439e+06
6.79439e+06
6.79439e+06
6.79439e+06
6.79439e+06
6.79439e+06
6.79439e+06
6.7944e+06
6.7944e+06
6.7944e+06
6.7944e+06
6.7944e+06
6.7944e+06
6.7944e+06
6.7944e+06
6.7944e+06
6.7944e+06
6.7944e+06
6.7944e+06
6.7944e+06
6.7944e+06
6.7944e+06
6.7944e+06
6.7944e+06
6.7944e+06
6.7944e+06
6.7944e+06
6.7944e+06
6.7944e+06
6.7944e+06
6.7944e+06
6.79441e+06
6.79441e+06
6.79441e+06
6.79441e+06
6.79441e+06
6.79441e+06
6.79441e+06
6.79441e+06
6.79441e+06
6.79441e+06
6.79441e+06
6.79441e+06
6.79441e+06
6.79441e+06
6.79441e+06
6.79441e+06
6.79441e+06
6.79441e+06
6.79441e+06
6.79441e+06
6.79441e+06
6.79441e+06
6.79441e+06
6.79441e+06
6.79441e+06
6.79442e+06
6.79442e+06
6.79442e+06
6.79442e+06
6.79442e+06
6.79442e+06
6.79442e+06
6.79442e+06
6.79442e+06
6.79442e+06
6.79442e+06
6.79442e+06
6.79442e+06
6.79442e+06
6.79442e+06
6.79442e+06
6.79442e+06
6.79442e+06
6.79442e+06
6.79442e+06
6.79442e+06
6.79442e+06
6.79442e+06
6.79442e+06
6.79443e+06
6.79443e+06
6.79443e+06
6.79443e+06
6.79443e+06
6.79443e+06
6.79443e+06
6.79443e+06
6.79443e+06
6.79443e+06
6.79443e+06
6.79443e+06
6.79443e+06
6.79443e+06
6.79443e+06
6.79443e+06
6.79443e+06
6.79443e+06
6.79443e+06
6.79443e+06
6.79443e+06
6.79443e+06
6.79443e+06
6.79443e+06
6.79443e+06
6.79444e+06
6.79444e+06
6.79444e+06
6.79444e+06
6.79444e+06
6.79444e+06
6.79444e+06
6.79444e+06
6.79444e+06
6.79444e+06
6.79444e+06
6.79444e+06
6.79444e+06
6.79444e+06
6.79444e+06
6.79444e+06
6.79444e+06
6.79444e+06
6.79444e+06
6.79444e+06
6.79444e+06
6.79444e+06
6.79444e+06
6.79444e+06
6.79444e+06
6.79445e+06
6.79445e+06
6.79445e+06
6.79445e+06
6.79445e+06
6.79445e+06
6.79445e+06
6.79445e+06
6.79445e+06
6.79445e+06
6.79445e+06
6.79445e+06
6.79445e+06
6.79445e+06
6.79445e+06
6.79445e+06
6.79445e+06
6.79445e+06
6.79445e+06
6.79445e+06
6.79445e+06
6.79445e+06
6.79445e+06
6.79445e+06
6.79445e+06
6.79446e+06
6.79446e+06
6.79446e+06
6.79446e+06
6.79446e+06
6.79446e+06
6.79446e+06
6.79446e+06
6.79446e+06
6.79446e+06
6.79446e+06
6.79446e+06
6.79446e+06
6.79446e+06
6.79446e+06
6.79446e+06
6.79446e+06
6.79446e+06
6.79446e+06
6.79446e+06
6.79446e+06
6.79446e+06
6.79446e+06
6.79446e+06
6.79446e+06
6.79446e+06
6.79447e+06
6.79447e+06
6.79447e+06
6.79447e+06
6.79447e+06
6.79447e+06
6.79447e+06
6.79447e+06
6.79447e+06
6.79447e+06
6.79447e+06
6.79447e+06
6.79447e+06
6.79447e+06
6.79447e+06
6.79447e+06
6.79447e+06
6.79447e+06
6.79447e+06
6.79447e+06
6.79447e+06
6.79447e+06
6.79447e+06
6.79447e+06
6.79447e+06
6.79447e+06
6.79448e+06
6.79448e+06
6.79448e+06
6.79448e+06
6.79448e+06
6.79448e+06
6.79448e+06
6.79448e+06
6.79448e+06
6.79448e+06
6.79448e+06
6.79448e+06
6.79448e+06
6.79448e+06
6.79448e+06
6.79448e+06
6.79448e+06
6.79448e+06
6.79448e+06
6.79448e+06
6.79448e+06
6.79448e+06
6.79448e+06
6.79448e+06
6.79448e+06
6.79449e+06
6.79449e+06
6.79449e+06
6.79449e+06
6.79449e+06
6.79449e+06
6.79449e+06
6.79449e+06
6.79449e+06
6.79449e+06
6.79449e+06
6.79449e+06
6.79449e+06
6.79449e+06
6.79449e+06
6.79449e+06
6.79449e+06
6.79449e+06
6.79449e+06
6.79449e+06
6.79449e+06
6.79449e+06
6.79449e+06
6.79449e+06
6.79449e+06
6.79449e+06
6.7945e+06
6.7945e+06
6.7945e+06
6.7945e+06
6.7945e+06
6.7945e+06
6.7945e+06
6.7945e+06
6.7945e+06
6.7945e+06
6.7945e+06
6.7945e+06
6.7945e+06
6.7945e+06
6.7945e+06
6.7945e+06
6.7945e+06
6.7945e+06
6.7945e+06
6.7945e+06
6.7945e+06
6.7945e+06
6.7945e+06
6.7945e+06
6.7945e+06
6.7945e+06
6.7945e+06
6.79451e+06
6.79451e+06
6.79451e+06
6.79451e+06
6.79451e+06
6.79451e+06
6.79451e+06
6.79451e+06
6.79451e+06
6.79451e+06
6.79451e+06
6.79451e+06
6.79451e+06
6.79451e+06
6.79451e+06
6.79451e+06
6.79451e+06
6.79451e+06
6.79451e+06
6.79451e+06
6.79451e+06
6.79451e+06
6.79451e+06
6.79451e+06
6.79451e+06
6.79451e+06
6.79452e+06
6.79452e+06
6.79452e+06
6.79452e+06
6.79452e+06
6.79452e+06
6.79452e+06
6.79452e+06
6.79452e+06
6.79452e+06
6.79452e+06
6.79452e+06
6.79452e+06
6.79452e+06
6.79452e+06
6.79452e+06
6.79452e+06
6.79452e+06
6.79452e+06
6.79452e+06
6.79452e+06
6.79452e+06
6.79452e+06
6.79452e+06
6.79452e+06
6.79452e+06
6.79452e+06
6.79453e+06
6.79453e+06
6.79453e+06
6.79453e+06
6.79453e+06
6.79453e+06
6.79453e+06
6.79453e+06
6.79453e+06
6.79453e+06
6.79453e+06
6.79453e+06
6.79453e+06
6.79453e+06
6.79453e+06
6.79453e+06
6.79453e+06
6.79453e+06
6.79453e+06
6.79453e+06
6.79453e+06
6.79453e+06
6.79453e+06
6.79453e+06
6.79453e+06
6.79453e+06
6.79453e+06
6.79454e+06
6.79454e+06
6.79454e+06
6.79454e+06
6.79454e+06
6.79454e+06
6.79454e+06
6.79454e+06
6.79454e+06
6.79454e+06
6.79454e+06
6.79454e+06
6.79454e+06
6.79454e+06
6.79454e+06
6.79454e+06
6.79454e+06
6.79454e+06
6.79454e+06
6.79454e+06
6.79454e+06
6.79454e+06
6.79454e+06
6.79454e+06
6.79454e+06
6.79454e+06
6.79454e+06
6.79455e+06
6.79455e+06
6.79455e+06
6.79455e+06
6.79455e+06
6.79455e+06
6.79455e+06
6.79455e+06
6.79455e+06
6.79455e+06
6.79455e+06
6.79455e+06
6.79455e+06
6.79455e+06
6.79455e+06
6.79455e+06
6.79455e+06
6.79455e+06
6.79455e+06
6.79455e+06
6.79455e+06
6.79455e+06
6.79455e+06
6.79455e+06
6.79455e+06
6.79455e+06
6.79455e+06
6.79456e+06
6.79456e+06
6.79456e+06
6.79456e+06
6.79456e+06
6.79456e+06
6.79456e+06
6.79456e+06
6.79456e+06
6.79456e+06
6.79456e+06
6.79456e+06
6.79456e+06
6.79456e+06
6.79456e+06
6.79456e+06
6.79456e+06
6.79456e+06
6.79456e+06
6.79456e+06
6.79456e+06
6.79456e+06
6.79456e+06
6.79456e+06
6.79456e+06
6.79456e+06
6.79456e+06
6.79456e+06
6.79457e+06
6.79457e+06
6.79457e+06
6.79457e+06
6.79457e+06
6.79457e+06
6.79457e+06
6.79457e+06
6.79457e+06
6.79457e+06
6.79457e+06
6.79457e+06
6.79457e+06
6.79457e+06
6.79457e+06
6.79457e+06
6.79457e+06
6.79457e+06
6.79457e+06
6.79457e+06
6.79457e+06
6.79457e+06
6.79457e+06
6.79457e+06
6.79457e+06
6.79457e+06
6.79457e+06
6.79457e+06
6.79458e+06
6.79458e+06
6.79458e+06
6.79458e+06
6.79458e+06
6.79458e+06
6.79458e+06
6.79458e+06
6.79458e+06
6.79458e+06
6.79458e+06
6.79458e+06
6.79458e+06
6.79458e+06
6.79458e+06
6.79458e+06
6.79458e+06
6.79458e+06
6.79458e+06
6.79458e+06
6.79458e+06
6.79458e+06
6.79458e+06
6.79458e+06
6.79458e+06
6.79458e+06
6.79458e+06
6.79458e+06
6.79459e+06
6.79459e+06
6.79459e+06
6.79459e+06
6.79459e+06
6.79459e+06
6.79459e+06
6.79459e+06
6.79459e+06
6.79459e+06
6.79459e+06
6.79459e+06
6.79459e+06
6.79459e+06
6.79459e+06
6.79459e+06
6.79459e+06
6.79459e+06
6.79459e+06
6.79459e+06
6.79459e+06
6.79459e+06
6.79459e+06
6.79459e+06
6.79459e+06
6.79459e+06
6.79459e+06
6.79459e+06
6.7946e+06
6.7946e+06
6.7946e+06
6.7946e+06
6.7946e+06
6.7946e+06
6.7946e+06
6.7946e+06
6.7946e+06
6.7946e+06
6.7946e+06
6.7946e+06
6.7946e+06
6.7946e+06
6.7946e+06
6.7946e+06
6.7946e+06
6.7946e+06
6.7946e+06
6.7946e+06
6.7946e+06
6.7946e+06
6.7946e+06
6.7946e+06
6.7946e+06
6.7946e+06
6.7946e+06
6.7946e+06
6.7946e+06
6.79461e+06
6.79461e+06
6.79461e+06
6.79461e+06
6.79461e+06
6.79461e+06
6.79461e+06
6.79461e+06
6.79461e+06
6.79461e+06
6.79461e+06
6.79461e+06
6.79461e+06
6.79461e+06
6.79461e+06
6.79461e+06
6.79461e+06
6.79461e+06
6.79461e+06
6.79461e+06
6.79461e+06
6.79461e+06
6.79461e+06
6.79461e+06
6.79461e+06
6.79461e+06
6.79461e+06
6.79461e+06
6.79461e+06
6.79462e+06
6.79462e+06
6.79462e+06
6.79462e+06
6.79462e+06
6.79462e+06
6.79462e+06
6.79462e+06
6.79462e+06
6.79462e+06
6.79462e+06
6.79462e+06
6.79462e+06
6.79462e+06
6.79462e+06
6.79462e+06
6.79462e+06
6.79462e+06
6.79462e+06
6.79462e+06
6.79462e+06
6.79462e+06
6.79462e+06
6.79462e+06
6.79462e+06
6.79462e+06
6.79462e+06
6.79462e+06
6.79462e+06
6.79463e+06
6.79463e+06
6.79463e+06
6.79463e+06
6.79463e+06
6.79463e+06
6.79463e+06
6.79463e+06
6.79463e+06
6.79463e+06
6.79463e+06
6.79463e+06
6.79463e+06
6.79463e+06
6.79463e+06
6.79463e+06
6.79463e+06
6.79463e+06
6.79463e+06
6.79463e+06
6.79463e+06
6.79463e+06
6.79463e+06
6.79463e+06
6.79463e+06
6.79463e+06
6.79463e+06
6.79463e+06
6.79463e+06
6.79464e+06
6.79464e+06
6.79464e+06
6.79464e+06
6.79464e+06
6.79464e+06
6.79464e+06
6.79464e+06
6.79464e+06
6.79464e+06
6.79464e+06
6.79464e+06
6.79464e+06
6.79464e+06
6.79464e+06
6.79464e+06
6.79464e+06
6.79464e+06
6.79464e+06
6.79464e+06
6.79464e+06
6.79464e+06
6.79464e+06
6.79464e+06
6.79464e+06
6.79464e+06
6.79464e+06
6.79464e+06
6.79464e+06
6.79464e+06
6.79465e+06
6.79465e+06
6.79465e+06
6.79465e+06
6.79465e+06
6.79465e+06
6.79465e+06
6.79465e+06
6.79465e+06
6.79465e+06
6.79465e+06
6.79465e+06
6.79465e+06
6.79465e+06
6.79465e+06
6.79465e+06
6.79465e+06
6.79465e+06
6.79465e+06
6.79465e+06
6.79465e+06
6.79465e+06
6.79465e+06
6.79465e+06
6.79465e+06
6.79465e+06
6.79465e+06
6.79465e+06
6.79465e+06
6.79465e+06
6.79466e+06
6.79466e+06
6.79466e+06
6.79466e+06
6.79466e+06
6.79466e+06
6.79466e+06
6.79466e+06
6.79466e+06
6.79466e+06
6.79466e+06
6.79466e+06
6.79466e+06
6.79466e+06
6.79466e+06
6.79466e+06
6.79466e+06
6.79466e+06
6.79466e+06
6.79466e+06
6.79466e+06
6.79466e+06
6.79466e+06
6.79466e+06
6.79466e+06
6.79466e+06
6.79466e+06
6.79466e+06
6.79466e+06
6.79466e+06
6.79467e+06
6.79467e+06
6.79467e+06
6.79467e+06
6.79467e+06
6.79467e+06
6.79467e+06
6.79467e+06
6.79467e+06
6.79467e+06
6.79467e+06
6.79467e+06
6.79467e+06
6.79467e+06
6.79467e+06
6.79467e+06
6.79467e+06
6.79467e+06
6.79467e+06
6.79467e+06
6.79467e+06
6.79467e+06
6.79467e+06
6.79467e+06
6.79467e+06
6.79467e+06
6.79467e+06
6.79467e+06
6.79467e+06
6.79467e+06
6.79468e+06
6.79468e+06
6.79468e+06
6.79468e+06
6.79468e+06
6.79468e+06
6.79468e+06
6.79468e+06
6.79468e+06
6.79468e+06
6.79468e+06
6.79468e+06
6.79468e+06
6.79468e+06
6.79468e+06
6.79468e+06
6.79468e+06
6.79468e+06
6.79468e+06
6.79468e+06
6.79468e+06
6.79468e+06
6.79468e+06
6.79468e+06
6.79468e+06
6.79468e+06
6.79468e+06
6.79468e+06
6.79468e+06
6.79468e+06
6.79469e+06
6.79469e+06
6.79469e+06
6.79469e+06
6.79469e+06
6.79469e+06
6.79469e+06
6.79469e+06
6.79469e+06
6.79469e+06
6.79469e+06
6.79469e+06
6.79469e+06
6.79469e+06
6.79469e+06
6.79469e+06
6.79469e+06
6.79469e+06
6.79469e+06
6.79469e+06
6.79469e+06
6.79469e+06
6.79469e+06
6.79469e+06
6.79469e+06
6.79469e+06
6.79469e+06
6.79469e+06
6.79469e+06
6.79469e+06
6.79469e+06
6.7947e+06
6.7947e+06
6.7947e+06
6.7947e+06
6.7947e+06
6.7947e+06
6.7947e+06
6.7947e+06
6.7947e+06
6.7947e+06
6.7947e+06
6.7947e+06
6.7947e+06
6.7947e+06
6.7947e+06
6.7947e+06
6.7947e+06
6.7947e+06
6.7947e+06
6.7947e+06
6.7947e+06
6.7947e+06
6.7947e+06
6.7947e+06
6.7947e+06
6.7947e+06
6.7947e+06
6.7947e+06
6.7947e+06
6.7947e+06
6.7947e+06
6.79471e+06
6.79471e+06
6.79471e+06
6.79471e+06
6.79471e+06
6.79471e+06
6.79471e+06
6.79471e+06
6.79471e+06
6.79471e+06
6.79471e+06
6.79471e+06
6.79471e+06
6.79471e+06
6.79471e+06
6.79471e+06
6.79471e+06
6.79471e+06
6.79471e+06
6.79471e+06
6.79471e+06
6.79471e+06
6.79471e+06
6.79471e+06
6.79471e+06
6.79471e+06
6.79471e+06
6.79471e+06
6.79471e+06
6.79471e+06
6.79471e+06
6.79471e+06
6.79472e+06
6.79472e+06
6.79472e+06
6.79472e+06
6.79472e+06
6.79472e+06
6.79472e+06
6.79472e+06
6.79472e+06
6.79472e+06
6.79472e+06
6.79472e+06
6.79472e+06
6.79472e+06
6.79472e+06
6.79472e+06
6.79472e+06
6.79472e+06
6.79472e+06
6.79472e+06
6.79472e+06
6.79472e+06
6.79472e+06
6.79472e+06
6.79472e+06
6.79472e+06
6.79472e+06
6.79472e+06
6.79472e+06
6.79472e+06
6.79472e+06
6.79473e+06
6.79473e+06
6.79473e+06
6.79473e+06
6.79473e+06
6.79473e+06
6.79473e+06
6.79473e+06
6.79473e+06
6.79473e+06
6.79473e+06
6.79473e+06
6.79473e+06
6.79473e+06
6.79473e+06
6.79473e+06
6.79473e+06
6.79473e+06
6.79473e+06
6.79473e+06
6.79473e+06
6.79473e+06
6.79473e+06
6.79473e+06
6.79473e+06
6.79473e+06
6.79473e+06
6.79473e+06
6.79473e+06
6.79473e+06
6.79473e+06
6.79473e+06
6.79474e+06
6.79474e+06
6.79474e+06
6.79474e+06
6.79474e+06
6.79474e+06
6.79474e+06
6.79474e+06
6.79474e+06
6.79474e+06
6.79474e+06
6.79474e+06
6.79474e+06
6.79474e+06
6.79474e+06
6.79474e+06
6.79474e+06
6.79474e+06
6.79474e+06
6.79474e+06
6.79474e+06
6.79474e+06
6.79474e+06
6.79474e+06
6.79474e+06
6.79474e+06
6.79474e+06
6.79474e+06
6.79474e+06
6.79474e+06
6.79474e+06
6.79474e+06
6.79475e+06
6.79475e+06
6.79475e+06
6.79475e+06
6.79475e+06
6.79475e+06
6.79475e+06
6.79475e+06
6.79475e+06
6.79475e+06
6.79475e+06
6.79475e+06
6.79475e+06
6.79475e+06
6.79475e+06
6.79475e+06
6.79475e+06
6.79475e+06
6.79475e+06
6.79475e+06
6.79475e+06
6.79475e+06
6.79475e+06
6.79475e+06
6.79475e+06
6.79475e+06
6.79475e+06
6.79475e+06
6.79475e+06
6.79475e+06
6.79475e+06
6.79475e+06
6.79475e+06
6.79476e+06
6.79476e+06
6.79476e+06
6.79476e+06
6.79476e+06
6.79476e+06
6.79476e+06
6.79476e+06
6.79476e+06
6.79476e+06
6.79476e+06
6.79476e+06
6.79476e+06
6.79476e+06
6.79476e+06
6.79476e+06
6.79476e+06
6.79476e+06
6.79476e+06
6.79476e+06
6.79476e+06
6.79476e+06
6.79476e+06
6.79476e+06
6.79476e+06
6.79476e+06
6.79476e+06
6.79476e+06
6.79476e+06
6.79476e+06
6.79476e+06
6.79476e+06
6.79477e+06
6.79477e+06
6.79477e+06
6.79477e+06
6.79477e+06
6.79477e+06
6.79477e+06
6.79477e+06
6.79477e+06
6.79477e+06
6.79477e+06
6.79477e+06
6.79477e+06
6.79477e+06
6.79477e+06
6.79477e+06
6.79477e+06
6.79477e+06
6.79477e+06
6.79477e+06
6.79477e+06
6.79477e+06
6.79477e+06
6.79477e+06
6.79477e+06
6.79477e+06
6.79477e+06
6.79477e+06
6.79477e+06
6.79477e+06
6.79477e+06
6.79477e+06
6.79477e+06
6.79478e+06
6.79478e+06
6.79478e+06
6.79478e+06
6.79478e+06
6.79478e+06
6.79478e+06
6.79478e+06
6.79478e+06
6.79478e+06
6.79478e+06
6.79478e+06
6.79478e+06
6.79478e+06
6.79478e+06
6.79478e+06
6.79478e+06
6.79478e+06
6.79478e+06
6.79478e+06
6.79478e+06
6.79478e+06
6.79478e+06
6.79478e+06
6.79478e+06
6.79478e+06
6.79478e+06
6.79478e+06
6.79478e+06
6.79478e+06
6.79478e+06
6.79478e+06
6.79478e+06
6.79479e+06
6.79479e+06
6.79479e+06
6.79479e+06
6.79479e+06
6.79479e+06
6.79479e+06
6.79479e+06
6.79479e+06
6.79479e+06
6.79479e+06
6.79479e+06
6.79479e+06
6.79479e+06
6.79479e+06
6.79479e+06
6.79479e+06
6.79479e+06
6.79479e+06
6.79479e+06
6.79479e+06
6.79479e+06
6.79479e+06
6.79479e+06
6.79479e+06
6.79479e+06
6.79479e+06
6.79479e+06
6.79479e+06
6.79479e+06
6.79479e+06
6.79479e+06
6.79479e+06
6.79479e+06
6.7948e+06
6.7948e+06
6.7948e+06
6.7948e+06
6.7948e+06
6.7948e+06
6.7948e+06
6.7948e+06
6.7948e+06
6.7948e+06
6.7948e+06
6.7948e+06
6.7948e+06
6.7948e+06
6.7948e+06
6.7948e+06
6.7948e+06
6.7948e+06
6.7948e+06
6.7948e+06
6.7948e+06
6.7948e+06
6.7948e+06
6.7948e+06
6.7948e+06
6.7948e+06
6.7948e+06
6.7948e+06
6.7948e+06
6.7948e+06
6.7948e+06
6.7948e+06
6.7948e+06
6.79481e+06
6.79481e+06
6.79481e+06
6.79481e+06
6.79481e+06
6.79481e+06
6.79481e+06
6.79481e+06
6.79481e+06
6.79481e+06
6.79481e+06
6.79481e+06
6.79481e+06
6.79481e+06
6.79481e+06
6.79481e+06
6.79481e+06
6.79481e+06
6.79481e+06
6.79481e+06
6.79481e+06
6.79481e+06
6.79481e+06
6.79481e+06
6.79481e+06
6.79481e+06
6.79481e+06
6.79481e+06
6.79481e+06
6.79481e+06
6.79481e+06
6.79481e+06
6.79481e+06
6.79481e+06
6.79482e+06
6.79482e+06
6.79482e+06
6.79482e+06
6.79482e+06
6.79482e+06
6.79482e+06
6.79482e+06
6.79482e+06
6.79482e+06
6.79482e+06
6.79482e+06
6.79482e+06
6.79482e+06
6.79482e+06
6.79482e+06
6.79482e+06
6.79482e+06
6.79482e+06
6.79482e+06
6.79482e+06
6.79482e+06
6.79482e+06
6.79482e+06
6.79482e+06
6.79482e+06
6.79482e+06
6.79482e+06
6.79482e+06
6.79482e+06
6.79482e+06
6.79482e+06
6.79482e+06
6.79482e+06
6.79483e+06
6.79483e+06
6.79483e+06
6.79483e+06
6.79483e+06
6.79483e+06
6.79483e+06
6.79483e+06
6.79483e+06
6.79483e+06
6.79483e+06
6.79483e+06
6.79483e+06
6.79483e+06
6.79483e+06
6.79483e+06
6.79483e+06
6.79483e+06
6.79483e+06
6.79483e+06
6.79483e+06
6.79483e+06
6.79483e+06
6.79483e+06
6.79483e+06
6.79483e+06
6.79483e+06
6.79483e+06
6.79483e+06
6.79483e+06
6.79483e+06
6.79483e+06
6.79483e+06
6.79483e+06
6.79483e+06
6.79484e+06
6.79484e+06
6.79484e+06
6.79484e+06
6.79484e+06
6.79484e+06
6.79484e+06
6.79484e+06
6.79484e+06
6.79484e+06
6.79484e+06
6.79484e+06
6.79484e+06
6.79484e+06
6.79484e+06
6.79484e+06
6.79484e+06
6.79484e+06
6.79484e+06
6.79484e+06
6.79484e+06
6.79484e+06
6.79484e+06
6.79484e+06
6.79484e+06
6.79484e+06
6.79484e+06
6.79484e+06
6.79484e+06
6.79484e+06
6.79484e+06
6.79484e+06
6.79484e+06
6.79484e+06
6.79485e+06
6.79485e+06
6.79485e+06
6.79485e+06
6.79485e+06
6.79485e+06
6.79485e+06
6.79485e+06
6.79485e+06
6.79485e+06
6.79485e+06
6.79485e+06
6.79485e+06
6.79485e+06
6.79485e+06
6.79485e+06
6.79485e+06
6.79485e+06
6.79485e+06
6.79485e+06
6.79485e+06
6.79485e+06
6.79485e+06
6.79485e+06
6.79485e+06
6.79485e+06
6.79485e+06
6.79485e+06
6.79485e+06
6.79485e+06
6.79485e+06
6.79485e+06
6.79485e+06
6.79485e+06
6.79485e+06
6.79486e+06
6.79486e+06
6.79486e+06
6.79486e+06
6.79486e+06
6.79486e+06
6.79486e+06
6.79486e+06
6.79486e+06
6.79486e+06
6.79486e+06
6.79486e+06
6.79486e+06
6.79486e+06
6.79486e+06
6.79486e+06
6.79486e+06
6.79486e+06
6.79486e+06
6.79486e+06
6.79486e+06
6.79486e+06
6.79486e+06
6.79486e+06
6.79486e+06
6.79486e+06
6.79486e+06
6.79486e+06
6.79486e+06
6.79486e+06
6.79486e+06
6.79486e+06
6.79486e+06
6.79486e+06
6.79486e+06
6.79487e+06
6.79487e+06
6.79487e+06
6.79487e+06
6.79487e+06
6.79487e+06
6.79487e+06
6.79487e+06
6.79487e+06
6.79487e+06
6.79487e+06
6.79487e+06
6.79487e+06
6.79487e+06
6.79487e+06
6.79487e+06
6.79487e+06
6.79487e+06
6.79487e+06
6.79487e+06
6.79487e+06
6.79487e+06
6.79487e+06
6.79487e+06
6.79487e+06
6.79487e+06
6.79487e+06
6.79487e+06
6.79487e+06
6.79487e+06
6.79487e+06
6.79487e+06
6.79487e+06
6.79487e+06
6.79487e+06
6.79488e+06
6.79488e+06
6.79488e+06
6.79488e+06
6.79488e+06
6.79488e+06
6.79488e+06
6.79488e+06
6.79488e+06
6.79488e+06
6.79488e+06
6.79488e+06
6.79488e+06
6.79488e+06
6.79488e+06
6.79488e+06
6.79488e+06
6.79488e+06
6.79488e+06
6.79488e+06
6.79488e+06
6.79488e+06
6.79488e+06
6.79488e+06
6.79488e+06
6.79488e+06
6.79488e+06
6.79488e+06
6.79488e+06
6.79488e+06
6.79488e+06
6.79488e+06
6.79488e+06
6.79488e+06
6.79488e+06
6.79488e+06
6.79489e+06
6.79489e+06
6.79489e+06
6.79489e+06
6.79489e+06
6.79489e+06
6.79489e+06
6.79489e+06
6.79489e+06
6.79489e+06
6.79489e+06
6.79489e+06
6.79489e+06
6.79489e+06
6.79489e+06
6.79489e+06
6.79489e+06
6.79489e+06
6.79489e+06
6.79489e+06
6.79489e+06
6.79489e+06
6.79489e+06
6.79489e+06
6.79489e+06
6.79489e+06
6.79489e+06
6.79489e+06
6.79489e+06
6.79489e+06
6.79489e+06
6.79489e+06
6.79489e+06
6.79489e+06
6.79489e+06
6.79489e+06
6.7949e+06
6.7949e+06
6.7949e+06
6.7949e+06
6.7949e+06
6.7949e+06
6.7949e+06
6.7949e+06
6.7949e+06
6.7949e+06
6.7949e+06
6.7949e+06
6.7949e+06
6.7949e+06
6.7949e+06
6.7949e+06
6.7949e+06
6.7949e+06
6.7949e+06
6.7949e+06
6.7949e+06
6.7949e+06
6.7949e+06
6.7949e+06
6.7949e+06
6.7949e+06
6.7949e+06
6.7949e+06
6.7949e+06
6.7949e+06
6.7949e+06
6.7949e+06
6.7949e+06
6.7949e+06
6.7949e+06
6.7949e+06
6.79491e+06
6.79491e+06
6.79491e+06
6.79491e+06
6.79491e+06
6.79491e+06
6.79491e+06
6.79491e+06
6.79491e+06
6.79491e+06
6.79491e+06
6.79491e+06
6.79491e+06
6.79491e+06
6.79491e+06
6.79491e+06
6.79491e+06
6.79491e+06
6.79491e+06
6.79491e+06
6.79491e+06
6.79491e+06
